ObjectID,City,County,Poll_Site_Name,Poll_Site_Address,ZipCode,Latitude,Longitude,x,y
1,Brooklyn,Kings,BPJCC Community Center,5102 13th Avenue,11219,40.63390276,-73.99349856,585115.6192,4498604.9728
2,Bronx,Bronx,Triboro Center (Claremont Village),1160 Teller Avenue,10456,40.83159672,-73.91174707,591757.1004,4520632.7643
3,Bronx,Bronx,The Longwood Academy of Discovery,888 Rev James A Polite Avenue,10459,40.81986072,-73.89875108,592869.2626,4519343.6525
4,Bronx,Bronx,PS 106,1514 Olmstead Avenue,10462,40.83675371,-73.85470959,596558.8795,4521266.5381
5,Brooklyn,Kings,Kensington Building,202 Caton Avenue,11218,40.64732176,-73.97891406,586331.6973,4500108.7653
6,Brooklyn,Kings,"Friends of Crown Heights Educational Centers, Inc.",851 Liberty Avenue,11208,40.67721975,-73.87804659,594817.7388,4503531.5352
7,Brooklyn,Kings,Duncan Genns Apartments,725 Evergreen Avenue,11207,40.68580575,-73.90728758,592334.6483,4504453.502
8,Brooklyn,Kings,Linden Plaza Preservation Bldg 2,790 Eldert Lane,11208,40.67036175,-73.8632866,596074.9949,4502786.2805
9,Brooklyn,Kings,Pacific Park Campus/MS 915,29 6th Avenue,11217,40.68197175,-73.97385156,586714.8396,4503960.0951
10,Brooklyn,Kings,Grace Event Hall,650 Remsen Avenue,11236,40.65084075,-73.91809658,591469.0343,4500560.8731
11,Brooklyn,Kings,MS 35 Stephen Decatur,272 Macdonough Street,11233,40.68181875,-73.93552958,589953.5068,4503981.629
12,Brooklyn,Kings,PS  214,2944 Pitkin Avenue,11208,40.67631975,-73.8630616,596085.4577,4503447.9032
13,Brooklyn,Kings,PS 159,2781 Pitkin Avenue,11208,40.67592375,-73.8696541,595528.8637,4503396.7585
14,Brooklyn,Kings,The Brooklyn Center for Rehabilitation and Healthcare,170 Buffalo Avenue,11213,40.67338575,-73.92567458,590797.7643,4503055.6473
15,Brooklyn,Kings,PS 21,180 Chauncey Street,11233,40.68063075,-73.92625508,590738.877,4503859.2877
16,New York,New York,JHS 56,220 Henry Street,10002,40.71360674,-73.98630756,585621.7099,4507459.5629
17,New York,New York,Grand Street Settlement (The Rose Center),80 Pitt Street,10002,40.71816974,-73.98177606,585998.5974,4507970.5136
18,Jamaica,Queens,PS 131-Abigail Adams,170-21 84 Avenue,11432,40.71685574,-73.79435112,601830.726,4508025.0822
19,Corona,Queens,PS 19 - Marino Jeantet,40-10 99 Street,11368,40.74904873,-73.86653109,595688.0459,4511517.5589
20,Corona,Queens,LeFrak City - Melbourne Building,98-30 57 Avenue,11368,40.73747473,-73.8612526,596150.3367,4510238.5231
21,New York,New York,CUNY In The Heights,5030 Broadway,10034,40.86896471,-73.91705707,591258.0856,4524775.4192
47,Arverne,Queens,RISE Rockaway,58-03 Rockaway Beach Boulevard,11692,40.59206534,-73.78855114,602511.4598,4494179.2639
68,Bronx,Bronx,1720 Mayflower Terrace,1720 Mayflower Avenue,10461,40.84645571,-73.8342121,598272.715,4522366.349
69,Bronx,Bronx,Adult Behavioral Health Center,1500 Waters Place,10461,40.84877771,-73.8393601,597835.3285,4522618.3508
70,Bronx,Bronx,Baychester Community Center,1220 East 229 Street,10466,40.8844717,-73.84280709,597492.3911,4526576.9039
72,Bronx,Bronx,Bronx County Supreme Court House,851 Grand Concourse,10451,40.82615172,-73.92340207,590781.8075,4520016.1799
73,Bronx,Bronx,1880 Valentine Ave Community Room,1880 Valentine Avenue,10457,40.84904771,-73.90053308,592678.3234,4522581.7933
75,Bronx,Bronx,Bronx Regional HS,1010 Rev James A Polite Ave.,10459,40.82346072,-73.89876008,592863.4818,4519743.2755
76,Bronx,Bronx,Betances Community Center,547 East 146 Street,10455,40.81257072,-73.91454158,591547.6351,4518517.785
77,Bronx,Bronx,Bronxchester Houses,520 East 156 Street,10455,40.81916772,-73.91105858,591832.2982,4519253.7541
78,Bronx,Bronx,Butler Memorial United Methodist Church,3920 Paulding Avenue,10466,40.8835087,-73.85269809,596660.4692,4526459.0303
79,Bronx,Bronx,Bronxworks Community Center,286 East 156 Street,10451,40.82152572,-73.92026557,591052.6178,4519505.9065
82,Bronx,Bronx,Concourse Village East,777 Concourse Village East,10451,40.82367672,-73.92046807,591032.5996,4519744.4764
83,Bronx,Bronx,Columbus High School,925 Astor Avenue,10469,40.85990171,-73.86032109,596052.3321,4523830.0222
84,Bronx,Bronx,Bronx House,990 Pelham Parkway South,10461,40.85664371,-73.86041109,596049.4533,4523468.2531
86,Bronx,Bronx,Church of the Abiding Presence,1672 East 172 Street,10472,40.83194772,-73.87264209,595053.8355,4520713.4169
87,Bronx,Bronx,Co-Op City Einstein Community Center #3,135 Einstein Loop,10475,40.86432071,-73.8223546,599245.6215,4524362.9158
88,Bronx,Bronx,Co-Op City 2049 Bartow Avenue Community Center,2049 Bartow Avenue,10475,40.87013471,-73.8292171,598658.6448,4525000.5738
89,Bronx,Bronx,Edenwald Community Center,1150 East 229 Street,10466,40.8859297,-73.84494009,597310.5484,4526736.3835
90,Bronx,Bronx,Co-Op City Dreiser Loop Community Center Auditorium,177 Dreiser Loop,10475,40.87678571,-73.8295951,598616.9202,4525738.478
91,Bronx,Bronx,Eastchester Community Center,3016 Yates Ave,10469,40.87019771,-73.85377359,596589.2047,4524980.1848
92,Bronx,Bronx,Fordham Bedford/Serviam Heights LLC,2848 Bainbridge Avenue,10458,40.86897371,-73.88622308,593856.4571,4524809.0151
93,Bronx,Bronx,Friendly Baptist Church,962 Ogden Avenue,10452,40.83205572,-73.92971557,590241.4209,4520665.0556
94,Bronx,Bronx,Ft. Independence Community Center,3350 Bailey Avenue,10463,40.87984571,-73.90039808,592646.7687,4526000.8169
95,Bronx,Bronx,Edgewater Volunteer Fire House,1 Adee Drive,10465,40.82399171,-73.80969611,600373.2691,4519900.4201
96,Bronx,Bronx,East Bronx Academy,1716 Southern Boulevard,10460,40.83705071,-73.88771708,593775.5633,4521263.6523
97,Bronx,Bronx,Harding Park Community Center,1820 Gildersleeve Avenue,10473,40.80901572,-73.85653659,596445.0207,4518185.35
98,Bronx,Bronx,Grace Dodge Vocational HS,2474 Crotona Avenue,10458,40.85529371,-73.88270408,594172.3807,4523294.1782
99,Bronx,Bronx,Hellenic Orthodox Community Church,3573 Bruckner Boulevard,10461,40.85004671,-73.8279166,598798.0845,4522772.0681
100,Bronx,Bronx,Gun Hill Community Center,745 Magenta Street,10467,40.87520171,-73.86535659,595605.9207,4525522.9652
101,Bronx,Bronx,Hostos Community College,120 East 149 Street,10451,40.81864572,-73.92846907,590364.7244,4519177.7101
102,Bronx,Bronx,In Tech High School (MS/HS 368),2975 Tibbett Avenue,10463,40.87909871,-73.91102257,591752.6195,4525906.7015
103,Bronx,Bronx,Hebrew Institute of Riverdale,3700 Henry Hudson Parkway,10463,40.88801771,-73.91056357,591778.97,4526897.2821
104,Bronx,Bronx,Hutchinson River Community Center,1950 Hutchinson River Parkway,10461,40.85121671,-73.8352426,598178.8166,4522893.7115
105,Bronx,Bronx,Highbridge Gardens Community Center,1155 University Avenue,10452,40.83807672,-73.92871657,590317.4808,4521334.4709
106,Bronx,Bronx,Bronx River Community Center,1619 East 174th Street,10472,40.83404454,-73.87581499,594783.3185,4520942.7469
107,Bronx,Bronx,IS 144 Michelangelo,2545 Gunther Avenue,10469,40.86419471,-73.8363046,598070.153,4524333.2102
108,Bronx,Bronx,IS 166 Bronx Early College Academy for Teaching & Learning,250 East 164 Street,10456,40.82832972,-73.91727757,591295.2643,4520264.3206
109,Bronx,Bronx,IS 117 Joseph H. Wade,1865 Morris Avenue,10453,40.84860671,-73.90856557,592001.8311,4522524.3697
110,Bronx,Bronx,IS 174 Archimedes Academy for Math/Women's Academy of Ex.,456 White Plains Road,10473,40.81469472,-73.85628459,596458.0501,4518816.048
111,Bronx,Bronx,IS 131 Albert Einstein,885 Bolton Avenue,10473,40.82349672,-73.85980809,596148.1694,4519789.2793
112,Bronx,Bronx,IS 206 Ann Mersereau,2280 Aqueduct Avenue East,10468,40.85954171,-73.90637857,592171.0282,4523740.5593
113,Bronx,Bronx,IS 232,1700 Macombs Road,10453,40.84948871,-73.91575207,591394.8268,4522614.7563
114,Bronx,Bronx,Jaime Towers,2050 Seward Avenue,10473,40.81988772,-73.85349009,596686.1946,4519395.598
115,Bronx,Bronx,IS 217 (IS 116) School of Performing Arts,977 Fox Street,10459,40.82208372,-73.89403958,593263.4803,4519595.429
116,Bronx,Bronx,IS 74 The Hunts Point School,730 Bryant Avenue,10474,40.81545972,-73.88556158,593987.7768,4518869.1621
117,Bronx,Bronx,JHS 145 Arturo Toscanini,1000 Teller Avenue,10456,40.82788872,-73.91417707,591557.3099,4520218.6006
118,Bronx,Bronx,Justice Sonia Sotomayor Community Center,1000 Rosedale Avenue,10472,40.82551272,-73.86746709,595499.4097,4520004.6989
119,Bronx,Bronx,JHS 123 James M. Kieran,1025 Morrison Avenue,10472,40.82500872,-73.87376709,594968.8793,4519941.9034
120,Bronx,Bronx,Kensington Bldg /Fordham Hill Complex,2455 Sedgwick Avenue,10468,40.86567071,-73.90889407,591950.5389,4524418.2934
121,Bronx,Bronx,JHS 80 The Mosholu Parkway,149 East Mosholu Parkway N,10467,40.87675871,-73.88147558,594245.4882,4525678.3289
122,Bronx,Bronx,Jonas Bronck Housing,230 East 179 Street,10457,40.85067671,-73.90331858,592441.2545,4522759.6841
123,Bronx,Bronx,Kips Bay Throggs Neck,550 Balcom Avenue,10465,40.82121972,-73.8257476,599023.8099,4519574.44
124,Bronx,Bronx,Michelangelo Apartments,225 East 149 Street,10451,40.81815972,-73.92473857,590679.9934,4519127.6129
125,Bronx,Bronx,Locust Point Civic Hall,3300 Tierney Place,10465,40.81609872,-73.79925611,601265.6536,4519036.2323
126,Bronx,Bronx,Knolls Cooperative Section 2,25 Knolls Crescent,10463,40.87830671,-73.91808307,591158.8082,4525811.4048
127,Bronx,Bronx,Mark Terrace Apartment Building,3410 De Reimer Avenue,10475,40.8798097,-73.8364531,598034.5997,4526066.4701
128,Bronx,Bronx,Morris Park Community Association,1824 Bronxdale Avenue,10462,40.84758971,-73.85974509,596118.6731,4522463.9008
129,Bronx,Bronx,Mitchell Community Center,210 Alexander Avenue,10454,40.80921372,-73.92552607,590625.7538,4518133.7141
130,Bronx,Bronx,Mosholu Montefiore Community Center,3450 Dekalb Avenue,10467,40.88196071,-73.88058008,594313.5583,4526256.7685
131,Bronx,Bronx,Mott Haven Community Center,375 East 143 Street,10454,40.81275072,-73.92131857,590975.8068,4518530.7104
132,Bronx,Bronx,Millbrook Community Center,201 St Anns Avenue,10454,40.80594672,-73.91853757,591219.6781,4517778.2974
133,Bronx,Bronx,MS 143 The Marie Curie School for Health Professions,120 West 231 Street,10463,40.87594871,-73.90142407,592565.7509,4525567.1252
134,Bronx,Bronx,MS 113 Globe School for Environmental Research,3710 Barnes Avenue,10467,40.88084471,-73.86065409,595994.011,4526154.5428
135,Bronx,Bronx,MS 301 (PS 120) Paul L. Dunbar,890 Cauldwell Avenue,10456,40.82208372,-73.90722008,592151.9749,4519581.4855
136,Bronx,Bronx,MS/HS 141 RKA,660 West 237 Street,10463,40.88820671,-73.91436157,591458.7439,4526914.2871
137,Bronx,Bronx,MS 101 Edward R. Byrne,2750 Lafayette Avenue,10465,40.82724071,-73.8294421,598703.3211,4520238.66
138,Bronx,Bronx,MS 390 (PS 26),1930 Andrews Avenue South,10453,40.85456471,-73.91313757,591608.2229,4523180.9721
139,Bronx,Bronx,Olivet Gospel Assembly,3900 Dyre Avenue,10466,40.8893857,-73.8311161,598470.0805,4527135.4987
140,Bronx,Bronx,MS 203 (PS 183),339 Morris Avenue,10451,40.81336272,-73.92575557,590600.752,4518594.052
141,Bronx,Bronx,Our Lady of Mount Carmel School,2465 Bathgate Avenue,10458,40.85853371,-73.88858108,593672.4584,4523647.5468
142,Bronx,Bronx,Parkchester North Condominum 1563 Metropolitan,1563 Metropolitan Avenue,10462,40.84036271,-73.85834109,596247.4827,4521663.1755
143,Bronx,Bronx,JHS 127 The Castle Hill School,1551 Castle Hill Avenue,10462,40.83782824,-73.85256337,596738.268,4521388.1882
144,Bronx,Bronx,Parkchester South Condominum 18 Metropolitan,18 Metropolitan Oval,10462,40.83862571,-73.85807559,596272.3795,4521470.6436
145,Bronx,Bronx,Parkchester South 1595 Unionport Road,1595 Unionport Road,10462,40.84018271,-73.86271959,595878.6059,4521638.3924
146,Bronx,Bronx,Mt. Hebron Baptist Church,732 East 233 Street,10466,40.8928327,-73.85612709,596358.0413,4527490.3112
147,Bronx,Bronx,Parkchester South Condominum 2059 McGraw Avenue,2059 McGraw Avenue,10462,40.83562871,-73.85617209,596437.2049,4521140.0415
148,Bronx,Bronx,Parkside Cornerstone,2972 Bronx Park East,10467,40.86932471,-73.87027509,595199.8953,4524865.1986
149,Bronx,Bronx,Parkside Development Community Room,3856 Bronx Boulevard,10467,40.8863797,-73.86549159,595578.4622,4526763.6912
150,Bronx,Bronx,Preston High School,2780 Schurz Avenue,10465,40.81406472,-73.8192946,599578.698,4518787.4793
151,Bronx,Bronx,Parkside Senior Center,644 Adee Avenue,10467,40.86916271,-73.86917709,595292.6558,4524848.4094
152,Bronx,Bronx,PS 1 Courtlandt School,335 East 152 Street,10451,40.81897872,-73.91931157,591136.5553,4519224.1584
153,Bronx,Bronx,PS 102 Joseph O. Loretan,1827 Archer Street,10460,40.83779771,-73.86610359,595596.7386,4521369.9364
154,Bronx,Bronx,PS 107,1695 Seward Avenue,10473,40.81866372,-73.86843909,595427.2626,4519243.3379
155,Bronx,Bronx,PS 119,1075 Pugsley Avenue,10472,40.82867172,-73.85686059,596389.2318,4520366.9909
156,Bronx,Bronx,PS 12 Lewis and Clark School,2555 Tratman Avenue,10461,40.84042571,-73.8442471,597435.6073,4521685.7498
157,Bronx,Bronx,PS 121 Throop,2750 Throop Avenue,10469,40.86699371,-73.85079909,596844.5307,4524627.7941
158,Bronx,Bronx,PS 105 Sen Abraham Bernstein,725 Brady Avenue,10462,40.85258471,-73.86644559,595546.6622,4523011.0631
159,Bronx,Bronx,PS 130 Abram Stevens Hewitt,750 Prospect Avenue,10455,40.81787172,-73.90212158,592587.7863,4519119.2894
160,Bronx,Bronx,PS 103 Hector Fontanez,4125 Carpenter Avenue,10466,40.8922477,-73.86162159,595896.0294,4527419.3344
161,Bronx,Bronx,PS 138 Samuel Randall,2060 Lafayette Avenue,10473,40.82241672,-73.85346309,596684.7987,4519676.3703
162,Bronx,Bronx,PS 14 Senator John Calandra,3047 Bruckner Boulevard,10461,40.83575471,-73.8259546,598984.7342,4521187.7304
163,Bronx,Bronx,PS 146 Edward Collins,968 Cauldwell Avenue,10456,40.82512572,-73.90591958,592257.4295,4519920.5434
164,Bronx,Bronx,PS 15 Institute for Environmental Learning,2195 Andrews Avenue North,10453,40.85894771,-73.90987057,591877.5362,4523670.9499
165,Bronx,Bronx,PS 126,175 West 166 Street,10452,40.83595272,-73.92839257,590347.6809,4521099.0215
166,Bronx,Bronx,PS 11 Highbridge,1257 Ogden Avenue,10452,40.83966972,-73.92569707,590569.8838,4521514.4259
167,Bronx,Bronx,PS 152 Evergreen,1007 Evergreen Avenue,10472,40.82391072,-73.88010759,594435.7684,4519813.1631
168,Bronx,Bronx,PS 132 Garret A. Morgan,1245 Washington Avenue,10456,40.83201972,-73.90673408,592179.1979,4520684.9831
169,Bronx,Bronx,PS 160 The Walt Disney Magnet STEAM School,4140 Hutchinson River Parkway East,10475,40.86439271,-73.8242401,599086.6111,4524368.7731
170,Bronx,Bronx,PS 169 Baychester Academy,3500 Edson Avenue,10466,40.8811507,-73.83958509,597768.7345,4526211.832
171,Bronx,Bronx,PS 16 Wakefield,4550 Carpenter Avenue,10470,40.9023727,-73.85454759,596477.2349,4528551.0937
172,Bronx,Bronx,PS 163 Arthur A. Schomburg,330 East 180 Street,10457,40.85200871,-73.89937658,592771.6805,4522911.717
173,Bronx,Bronx,PS 179 (PS 40),468 East 140 Street,10454,40.80940272,-73.91986957,591102.597,4518160.5582
174,Bronx,Bronx,PS 186 Walter J. Damrosch School,750 Jennings Street,10459,40.83172272,-73.89813458,592904.696,4520661.0962
175,Bronx,Bronx,PS 189/IS 462-Rosa Parks Educational Campus,3441 Steenwick Avenue,10475,40.8831667,-73.8306706,598516.8352,4526445.625
176,Bronx,Bronx,PS 175 City Island,200 City Island Avenue,10464,40.84369271,-73.78491461,602432.7016,4522116.1078
177,Bronx,Bronx,PS 108 Philip J. Abinanti,1964 Yates Avenue,10461,40.85392319,-73.85294399,596682.7804,4523174.4652
178,Bronx,Bronx,PS 207,3030 Godwin Terrace,10463,40.87836971,-73.90638757,592144.1627,4525830.6439
179,Bronx,Bronx,PS 150 Charles James Fox,920 East 167 Street,10459,40.82619672,-73.89427358,593237.9862,4520051.7605
180,Bronx,Bronx,PS 195,1250 Ward Avenue,10472,40.83075972,-73.87756508,594640.4317,4520576.2086
181,Bronx,Bronx,PS 214 Lorraine Hansberry,1970 West Farms Road,10460,40.83918371,-73.88027858,594399.6816,4521508.4243
182,Bronx,Bronx,PS 19 Judith K. Weiss,311 East 237 Street,10470,40.8991057,-73.86677859,595451.7408,4528175.0066
183,Bronx,Bronx,PS 23 Bronx The New Children's School,2151 Washington Avenue,10457,40.85343071,-73.89464258,593168.7248,4523074.598
184,Bronx,Bronx,PS 28 Mount Hope,1861 Anthony Avenue,10457,40.84829171,-73.90354808,592425.2235,4522494.6842
185,Bronx,Bronx,PS 306,40 West Tremont Avenue,10453,40.85155871,-73.91127907,591769.0208,4522849.2231
186,Bronx,Bronx,PS 311/481 The Steam Bridge School,1684 White Plains Road,10462,40.84363871,-73.86533409,595653.2166,4522019.1833
187,Bronx,Bronx,PS 32,690 East 183 Street,10458,40.85200871,-73.88605658,593894.4451,4522925.9117
188,Bronx,Bronx,PS 357 Young Voices Academy of The Bronx,800 Lydig Avenue,10462,40.85433071,-73.86366009,595778.94,4523207.9289
189,Bronx,Bronx,PS 42 Claremont,1537 Washington Avenue,10457,40.83856272,-73.90302608,592482.7508,4521415.2245
190,Bronx,Bronx,Holy Rosary Church,2950 Eastchester Road,10469,40.86913077,-73.84237679,597551.1656,4524874.3796
191,Bronx,Bronx,PS 46 Edgar Allan Poe,2760 Briggs Avenue,10458,40.86746171,-73.89053858,593494.9162,4524636.5507
192,Bronx,Bronx,PS 47 John Randolph,1794 East 172 Street,10472,40.83273972,-73.86699459,595528.8798,4520807.4786
193,Bronx,Bronx,Our Lady of Grace School,3975 Bronxwood Avenue,10466,40.88604962,-73.85475493,596483.4858,4526738.829
194,Bronx,Bronx,PS 48 Joseph R. Drake,1290 Spofford Avenue,10474,40.81422672,-73.88688908,593877.5563,4518730.8653
195,Bronx,Bronx,Morris Education Campus,1100 Boston Road,10456,40.82741989,-73.90464737,592361.526,4520176.5571
196,Bronx,Bronx,PS 54,2703 Webster Avenue,10458,40.86478871,-73.88780258,593729.2537,4524342.7464
197,Bronx,Bronx,PS 55 Benjamin Franklin,450 St Pauls Place,10456,40.83613272,-73.90456058,592356.7521,4521143.8531
198,Bronx,Bronx,PS 44 David C. Farragut,1825 Prospect Avenue,10457,40.84249571,-73.89085808,593503.0909,4521864.7413
199,Bronx,Bronx,PS 56,341 East 207 Street,10467,40.87526471,-73.87504058,594789.8346,4525519.4277
200,Bronx,Bronx,PS 6 West Farms,1000 East Tremont Avenue,10460,40.84074971,-73.88227208,594229.3957,4521680.1189
201,Bronx,Bronx,PS 61 Francisco Oller,1550 Crotona Park East,10460,40.83646572,-73.89278408,593349.1822,4521193.3005
202,Bronx,Bronx,PS 62 Inocensio Casanova,660 Fox Street,10455,40.81397472,-73.90025408,592750.7097,4518688.6622
203,Bronx,Bronx,PS 63 Author's Academy,1260 Franklin Avenue,10456,40.83107472,-73.90227008,592556.9029,4520584.7854
204,Bronx,Bronx,PS 33 Timothy Dwight,2424 Jerome Avenue,10468,40.86167471,-73.90163108,592568.1872,4523982.351
205,Bronx,Bronx,PS 57 Crescent,2111 Crotona Avenue,10457,40.84864271,-73.88883758,593664.7704,4522549.2756
206,Bronx,Bronx,PS 65 Mother Hale Academy,677 East 141 Street,10454,40.80760272,-73.91285408,591696.8011,4517968.0574
207,Bronx,Bronx,PS 41 Gun Hill Road,3352 Olinville Avenue,10467,40.87451771,-73.86802059,595382.4277,4525444.1282
208,Bronx,Bronx,PS 67 Mohegan School,2024 Mohegan Avenue,10460,40.84399871,-73.88453558,594033.9766,4522038.3565
209,Bronx,Bronx,PS 69 Journey Prep School,560 Thieriot Avenue,10473,40.81683672,-73.86076659,596076.9517,4519048.9067
210,Bronx,Bronx,PS 66 School of Higher Expectations,1001 Jennings Street,10460,40.83121872,-73.88672258,593867.6365,4520617.3108
211,Bronx,Bronx,PS 68 Bronx,4011 Monticello Avenue,10466,40.8914647,-73.83856809,597839.2278,4527357.9316
212,Bronx,Bronx,PS 70 Max Schoenfeld,1691 Weeks Avenue,10457,40.84439471,-73.90776907,592074.8031,4522057.6348
213,Bronx,Bronx,PS 71 Rose E. Scala School,3040 Roberts Avenue,10461,40.84567271,-73.8297436,598650.5661,4522284.4514
214,Bronx,Bronx,PS 72 Dr. William Dorney,2951 Dewey Avenue,10465,40.82289372,-73.8180031,599674.4047,4519769.0498
215,Bronx,Bronx,PS 75,984 Faile Street,10459,40.82230872,-73.88922908,593668.8312,4519625.5367
216,Bronx,Bronx,PS 76 The Bennington School,900 Adee Avenue,10469,40.86939671,-73.86104109,595977.9386,4524883.2731
217,Bronx,Bronx,PS 78 Anne Hutchinson,1400 Needham Avenue,10469,40.87864871,-73.85070909,596835.13,4525921.7182
218,Bronx,Bronx,PS 73 Bronx,1020 Anderson Avenue,10452,40.83270372,-73.92660607,590502.7227,4520740.1967
219,Bronx,Bronx,PS 8 Isaac Varian,3010 Briggs Avenue,10458,40.87240271,-73.88364908,594068.5148,4525192.4311
220,Bronx,Bronx,PS 83 Annex,1840 Bogart Avenue,10462,40.84862471,-73.85867409,596207.4584,4522579.9718
221,Bronx,Bronx,PS 85 Great Expectations,2400 Marion Avenue,10458,40.85874971,-73.89501608,593129.7924,4523664.6614
222,Bronx,Bronx,PS 81 Robert J. Christen,5550 Riverdale Avenue,10471,40.9035607,-73.90495207,592230.1239,4528628.6164
223,Bronx,Bronx,PS 79 Campus,125 East 181 Street,10453,40.85502371,-73.90335908,592431.7983,4523242.2001
224,Bronx,Bronx,PS 64 Pura Belpre,1425 Walton Avenue,10452,40.84029072,-73.91560807,591419.6054,4521593.8422
225,Bronx,Bronx,PS 86 Kingsbridge Heights,2756 Reservoir Avenue,10468,40.87002671,-73.89820658,592845.135,4524913.1312
226,Bronx,Bronx,PS 90 The Family School,1116 Sheridan Avenue,10456,40.83204672,-73.91772757,591252.2231,4520676.4726
227,Bronx,Bronx,PS 89 Bronx,980 Mace Avenue,10469,40.86284471,-73.85923659,596139.4796,4524157.9148
228,Bronx,Bronx,PS 87,4200 Grace Avenue,10466,40.8953347,-73.84635759,597177.3626,4527778.8633
229,Bronx,Bronx,PS 94 Kings College School,3530 Kings College Place,10467,40.88045771,-73.87553558,594740.7196,4526095.3679
230,Bronx,Bronx,PS 96 Richard Rodgers,2385 Olinville Avenue,10467,40.86085571,-73.86867759,595346.6635,4523926.793
231,Bronx,Bronx,PS 95,3961 Hillman Avenue,10463,40.88294171,-73.89143858,593397.3105,4526354.0261
232,Bronx,Bronx,PS 93 Albert G. Oliver,1535 Story Avenue,10473,40.82196672,-73.87701159,594699.6112,4519600.7022
233,Bronx,Bronx,PS/MS 4 Crotona Park West,1701 Fulton Avenue,10457,40.84111871,-73.89820208,592885.8872,4521704.0682
234,Bronx,Bronx,PS/IS 218 Rafael Hernandez,1220 Gerard Avenue,10452,40.83581772,-73.91991457,591062.6616,4521092.8127
235,Bronx,Bronx,RIVERDALE - YM-YWHA,5625 Arlington Avenue,10471,40.9051807,-73.90798057,591972.8003,4528805.2653
236,Bronx,Bronx,PS/MS 498 The Van Nest Academy,1640 Bronxdale Avenue,10462,40.84508771,-73.85825559,596247.8544,4522187.7901
237,Bronx,Bronx,Saint Luke's Housing,3911 Barnes Avenue.,10466,40.8853267,-73.85864709,596156.6232,4526654.2944
238,Bronx,Bronx,"Scott Towers Housing,CO,INC",3400 Paul Avenue,10468,40.87764071,-73.88908508,593603.067,4525768.0751
239,Bronx,Bronx,Samuel Gompers HS,455 Southern Boulevard,10455,40.81053672,-73.90724258,592166.0589,4518299.6421
240,Bronx,Bronx,PS/MS 194,2365 Waterbury Avenue,10462,40.83498071,-73.84651959,597251.9792,4521078.7772
241,Bronx,Bronx,Riverpoint Towers Community Room,555 Kappock Street,10463,40.87809971,-73.91697157,591252.7455,4525789.5838
242,Bronx,Bronx,Shorehaven Community Center,15 White Plains Road,10473,40.80574872,-73.85470059,596604.6187,4517824.7052
243,Bronx,Bronx,St. Anselm School,685 Tinton Avenue,10455,40.81635072,-73.90530308,592321.5838,4518947.0887
244,Bronx,Bronx,St Frances of Rome Parish Center,4330 Byron Avenue,10466,40.8957397,-73.85390859,596540.7012,4527815.4643
245,Bronx,Bronx,St. Mary's Park Community Center,595 Trinity Avenue,10455,40.81512672,-73.90972658,591950.2103,4518806.5637
246,Bronx,Bronx,Shakespeare Senior HDFC,1454 Shakespeare Avenue,10452,40.84335971,-73.92007657,591038.6825,4521929.8762
247,Bronx,Bronx,St. Frances de Chantal Church,190 Hollywood Avenue,10465,40.81584672,-73.81363811,600053.0899,4518991.74
248,Bronx,Bronx,Sedgwick Community Center,1553 University Avenue,10453,40.84642871,-73.92195757,590875.9167,4522268.6107
249,Bronx,Bronx,Stevenson High School,1980 Lafayette Avenue,10473,40.82215572,-73.85587509,596481.7747,4519644.7386
250,Bronx,Bronx,Tilden Towers II,801 Tilden Street,10467,40.87710071,-73.86123459,595950.5078,4525738.2837
251,Bronx,Bronx,Truman High School,750 Baychester Avenue,10475,40.87411271,-73.8331186,598323.9837,4525437.7836
252,Bronx,Bronx,Tremont United Methodist Church,1951 Washington Avenue,10457,40.84812971,-73.89771158,592917.4453,4522482.8759
253,Bronx,Bronx,Villa Maria Academy,3335 Country Club Road,10465,40.84146071,-73.8175756,599682.6396,4521830.6532
254,Bronx,Bronx,Walker Memorial Baptist Church,120 East 169 Street,10452,40.83670872,-73.91707507,591300.8432,4521194.6772
255,Brooklyn,Kings,Achievement First East New York Middle School,158 Richmond Street,11208,40.68342975,-73.87700709,594896.7817,4504222.0078
256,Bronx,Bronx,Tracey Towers Community Room,40 West Mosholu Parkway S.,10468,40.87944971,-73.88607008,593854.5529,4525972.1208
257,Bronx,Bronx,William H. Taft High School,240 East 172 Street,10457,40.84002072,-73.91117107,591794.0455,4521568.5095
258,Brooklyn,Kings,Apt. House,7502 Ridge Boulevard,11209,40.63190476,-74.03072705,581969.758,4498347.8316
259,Brooklyn,Kings,Arlington Public Library,203 Arlington Avenue,11207,40.68063075,-73.88723109,594036.7361,4503900.3105
260,Brooklyn,Kings,Atlantic Terminal Community Center,501 Carlton Avenue,11238,40.68279975,-73.97062956,586986.0431,4504055.1922
261,Brooklyn,Kings,Agudath Sr Ctr,817 Avenue H,11230,40.62943876,-73.96816357,587263.9406,4498134.267
262,Brooklyn,Kings,Bay Ridge Air Rights,260 65th Street,11220,40.63954576,-74.02422005,582510.6437,4499202.1032
263,Brooklyn,Kings,Baptist Church Of Redeemer,782 Ocean Avenue,11226,40.64340676,-73.95993757,587941.305,4499692.9801
264,Brooklyn,Kings,Belmont Gardens II,628 Eldert Lane,11208,40.67482575,-73.8642856,595984.1553,4503280.722
265,Brooklyn,Kings,Bay Academy-IS 98,1401 Emmons Avenue,11235,40.58336777,-73.95382658,588537.2455,4493034.4871
266,Brooklyn,Kings,Bedford Village School (PS 3),50 Jefferson Avenue,11216,40.68254775,-73.95532957,588279.3099,4504042.4749
267,Brooklyn,Kings,Bed Stuy YMCA,1121 Bedford Avenue,11216,40.68522075,-73.95391657,588395.1848,4504340.6148
268,Brooklyn,Kings,Bishop Ford,500 19th Street,11215,40.65637575,-73.98252306,586014.9271,4501110.272
269,Brooklyn,Kings,Boro Park YM-YWHA,4912 14 Avenue,11219,40.63346176,-73.99041606,585376.8592,4498559.0065
270,Brooklyn,Kings,Betsy Head Pool,694 Thomas Boyland Street,11212,40.66301775,-73.91214308,591955.6561,4501918.8016
271,Bronx,Bronx,PS 229 Roland Patterson,275 Roberto Clemente State Park Bridge,10453,40.85510363,-73.92032371,591001.7781,4523233.3056
272,Brooklyn,Kings,Brooklyn Borough Hall,209 Joralemon Street,11201,40.69263675,-73.99053756,585291.1651,4505127.6447
273,Brooklyn,Kings,Brooklyn Heights Public Library,286 Cadman Plaza West,11201,40.69556175,-73.99119456,585231.9254,4505451.7003
274,Brooklyn,Kings,Boys and Girls High School,1700 Fulton Street,11213,40.67910975,-73.93138958,590307.0216,4503685.1588
275,Brooklyn,Kings,Breukelen Community Center,715 East 105th Street,11236,40.64894175,-73.89550659,593381.5784,4500373.815
276,Brooklyn,Kings,Brooklyn Museum,200 Eastern Parkway,11238,40.67134275,-73.96368157,587588.1822,4502790.2967
277,Brooklyn,Kings,Brooklyn College Roosevelt Hall,2900 Bedford Avenue,11210,40.63163476,-73.95286807,588554.6241,4498393.318
278,Brooklyn,Kings,Bushwick Campus,400 Irving Avenue,11237,40.69709174,-73.91138258,591973.0915,4505702.0273
279,Brooklyn,Kings,Bushwick United Methodist Church,1139 Bushwick Avenue,11221,40.68962175,-73.91796608,591427.0786,4504865.9373
280,Brooklyn,Kings,Bushwick Public Library,340 Bushwick Avenue,11206,40.70457074,-73.93954357,589583.8146,4506503.1465
281,Brooklyn,Kings,Bushwick Inlet Park,86 Kent Avenue,11249,40.72163474,-73.96047757,587792.9321,4508376.2269
282,Brooklyn,Kings,Cadman Towers,101 Clark Street,11201,40.69742475,-73.99212606,585150.8513,4505657.6016
283,Brooklyn,Kings,Cadman Towers 2,10 Clinton Street,11201,40.69616475,-73.99163556,585193.8974,4505518.2093
284,Brooklyn,Kings,Carey Gardens Community Ctr.,2315 Surf Avenue,11224,40.57398977,-73.99048806,585446.4796,4491957.2778
285,Brooklyn,Kings,Canarsie HS,1600 Rockaway Parkway,11236,40.64110275,-73.89814809,593169.1449,4499500.8393
286,Brooklyn,Kings,Bushwick/Hylan Ctr,50 Humboldt Street,11206,40.70345474,-73.94054707,589500.5349,4506378.2403
287,Brooklyn,Kings,Christ Church Bay Ridge,7301 Ridge Boulevard,11209,40.63306576,-74.02974605,582051.2994,4498477.6227
288,Brooklyn,Kings,Central Brooklyn Public Library,10 Grand Army Plaza,11238,40.67244975,-73.96828507,587197.6522,4502908.6034
289,Brooklyn,Kings,Carmine Carro Community Center,3000 Fillmore Avenue,11234,40.60796476,-73.93736558,589897.4024,4495781.5481
290,Brooklyn,Kings,Chavis Apartments,230 Kingston Avenue,11213,40.67181975,-73.94233807,589391.4982,4502864.7324
291,Brooklyn,Kings,Community Board 12,5910 13th Avenue,11219,40.62914176,-73.99843956,584703.7896,4498071.7093
292,Brooklyn,Kings,Clara Barton Voc HS,901 Classon Avenue,11225,40.66936275,-73.96187257,587743.6744,4502572.3091
293,Brooklyn,Kings,Congregation Beit Hillel of Flatlands,2164 Ralph Avenue,11234,40.62442576,-73.91798858,591514.2329,4497628.7748
294,Brooklyn,Kings,Citizens For A Better Neighborhood,143 Himrod Street,11221,40.69736174,-73.92271808,591015.0143,4505720.1943
295,Brooklyn,Kings,Coney Island Houses,3030 Surf Avenue,11224,40.57216277,-73.99689606,584906.3987,4491748.277
296,Brooklyn,Kings,Coney Island Prep H.S.,294 Avenue T,11223,40.59899176,-73.97436457,586778.8918,4494748.3726
297,Brooklyn,Kings,Contello Towers#2,2740 Cropsey Avenue,11214,40.58736377,-73.98954756,585509.0528,4493442.7589
298,Brooklyn,Kings,Cooper Ctr,76 Kingsland Avenue,11211,40.71838574,-73.94020057,589509.8086,4508036.0352
299,Brooklyn,Kings,Cornerstone Sr Hsng,550 Greene Avenue,11216,40.68852375,-73.94848957,588849.3926,4504712.7415
300,Brooklyn,Kings,Brooklyn Tech HS,2 South Elliott Place,11217,40.68967403,-73.97616586,586509.3056,4504812.8141
301,Brooklyn,Kings,Crown Heights Public Library,560 New York Avenue,11225,40.66120875,-73.94793607,588932.454,4501681.1712
302,Brooklyn,Kings,Crown Gardens Community Center,1185 Carroll Street,11225,40.66731975,-73.94973607,588772.1913,4502357.7088
303,Brooklyn,Kings,Crown Heights Apts,1055 St Johns Place,11213,40.67140575,-73.94298157,589337.6625,4502818.1217
304,Brooklyn,Kings,Cortelyou  Public Library,1305 Cortelyou Road,11226,40.64070676,-73.96589557,587441.0485,4499387.3256
305,Brooklyn,Kings,Division Housing Village,60 Division Avenue,11249,40.70678474,-73.96598106,587347.5335,4506722.2901
306,Brooklyn,Kings,District 20 Pre K Ctr.,1258 65th Street,11219,40.62627976,-74.00240856,584371.7211,4497750.1997
307,Brooklyn,Kings,Dance Atlantic Inc,2796 Fulton Street,11207,40.67793975,-73.89129009,593697.4841,4503597.257
308,Brooklyn,Kings,Dodge YMCA,225 Atlantic Avenue,11201,40.68958575,-73.99152756,585211.404,4504788.0046
309,Brooklyn,Kings,Cypress Hills Comm Ctr,475 Fountain Avenue,11208,40.66854375,-73.8724891,595299.773,4502574.4537
310,Brooklyn,Kings,Erasmus Hall HS,911 Flatbush Avenue,11226,40.64949975,-73.95825907,588075.2198,4500371.016
311,Brooklyn,Kings,Ed R Murrow HS,1600 Avenue L,11230,40.62043876,-73.95898807,588051.7591,4497144.3629
312,Brooklyn,Kings,Farragut Comm Ctr,228 York Street,11201,40.70068275,-73.98139356,586053.4143,4506029.7174
313,Brooklyn,Kings,FDR. High School,5800 20 AVENUE,11204,40.62075376,-73.98171307,586129.1781,4497156.838
314,Brooklyn,Kings,Evergreen Troutman,78 Troutman Street,11206,40.69866674,-73.93064708,590343.3517,4505856.8741
315,Brooklyn,Kings,East Midwood Jewish Center,1625 Ocean Avenue,11230,40.62231976,-73.95547807,588346.1714,4497356.6815
316,Brooklyn,Kings,Edmonds Center (IS 113),300 Adelphi Street,11205,40.68848775,-73.97112006,586937.2008,4504686.1096
317,Brooklyn,Kings,Flatbush  Public Library,22 Linden Boulevard,11226,40.65202875,-73.95824107,588073.4161,4500651.767
318,Brooklyn,Kings,Fort Hamilton HS,8301 Shore Road,11209,40.62723376,-74.03973605,581213.5306,4497820.9736
319,Brooklyn,Kings,Fenimore United Meth. Church,276 Fenimore Street,11225,40.65836475,-73.95362407,588455.3883,4501359.7331
320,Brooklyn,Kings,Fort Hamilton Senior Center,9941 Fort Hamilton Parkway,11209,40.61188876,-74.03174405,581908.1992,4496125.0162
321,Brooklyn,Kings,Friends of Crown Heights,671 Prospect Place,11216,40.67487075,-73.95418207,588386.4205,4503191.4345
322,Brooklyn,Kings,Flatbush YMCA,1401 Flatbush Avenue,11210,40.63669276,-73.95150457,588663.2436,4498956.156
323,Brooklyn,Kings,Flatbush Tompkins Congregational Church,424 East 19th Street,11226,40.64023876,-73.96059907,587889.5273,4499340.6539
324,Brooklyn,Kings,Ft Hamilton  Public Library,9424 4th Avenue,11209,40.61632576,-74.03128505,581941.607,4496617.9703
325,Brooklyn,Kings,Greek School of Plato Center,670 92 Street,11228,40.61518276,-74.02444055,582521.9841,4496497.4876
326,Brooklyn,Kings,Friends Field,1310 East 4th Street,11230,40.61866576,-73.97197507,586955.5628,4496934.6369
327,Brooklyn,Kings,Goodwin Sr Ctr,55 Goodwin Place,11221,40.69142174,-73.92320408,590982.0344,4505060.3121
328,Brooklyn,Kings,Harway Youth Center Gym.,2739 Harway Avenue,11214,40.58945177,-73.98677557,585740.9687,4493677.2313
329,Brooklyn,Kings,Harway Terrace,2475 West 16 Street,11214,40.58730977,-73.98466957,585921.9269,4493441.5131
330,Brooklyn,Kings,Hope Christian Center,369 New Lots Avenue,11207,40.66174875,-73.89358959,593525.7701,4501797.5059
331,Brooklyn,Kings,Hope Gardens Sr Ctr,195 Linden Street,11221,40.69553474,-73.91752508,591456.2555,4505522.7779
332,Brooklyn,Kings,Hope Gardens Youth Community Center,422 Central Avenue,11221,40.69307774,-73.91666558,591532.2372,4505250.9298
333,Brooklyn,Kings,Hugh Gilroy Sr Ctr,447 Kingsborough 4 Walk,11233,40.67511375,-73.92467558,590879.8507,4503248.4983
334,Brooklyn,Kings,Ingersoll Community Center,177 Myrtle Avenue,11201,40.69371675,-73.98203706,586008.0088,4505255.8175
335,Brooklyn,Kings,Independence Towers Senior Center,114 Taylor Street,11211,40.70537174,-73.96340257,587567.2037,4506568.0051
336,Brooklyn,Kings,Glenwood Comm. Ctr.,5816 Farragut Road,11234,40.63649476,-73.92053108,591282.7516,4498965.8573
337,Brooklyn,Kings,Homecrest Public Library,2525 Coney Island Avenue,11223,40.59522076,-73.96074757,587935.985,4494343.2866
338,Brooklyn,Kings,IS 14,2424 Batchelder Street,11235,40.59348376,-73.93779758,589880.2511,4494173.6476
339,Brooklyn,Kings,IS 187,1171 65th Street,11219,40.62777376,-74.00404206,584231.6878,4497914.4758
340,Brooklyn,Kings,IS 246,72 Veronica Place,11226,40.64840175,-73.95296707,588524.0968,4500254.4453
341,Brooklyn,Kings,IS 291,231 Palmetto Street,11221,40.69549874,-73.91517608,591654.771,4505521.2295
342,Brooklyn,Kings,IS 162,1390 Willoughby Avenue,11237,40.70687474,-73.92001808,591230.148,4506779.0017
343,Brooklyn,Kings,IS 171,528 Ridgewood Avenue,11208,40.68603974,-73.8694696,595530.0117,4504519.9018
344,Brooklyn,Kings,IS 324,800 Gates Avenue,11221,40.68819075,-73.93245608,590204.6462,4504692.1116
345,Brooklyn,Kings,IS 292,300 Wyona Street,11207,40.67144175,-73.89292809,593568.1385,4502874.1929
346,Brooklyn,Kings,IS 33,70 Tompkins Avenue,11206,40.69696574,-73.94680657,588980.3708,4505651.5604
347,Brooklyn,Kings,IS 390/MS 334/MS 354,1224 Park Place,11213,40.67257575,-73.93725758,589819.8848,4502953.832
348,Brooklyn,Kings,IS 293,284 Baltic Street,11201,40.68531975,-73.99333656,585063.974,4504312.7002
349,Brooklyn,Kings,IS 394,188 Rochester Avenue,11213,40.67261175,-73.92825758,590580.503,4502967.0636
350,Brooklyn,Kings,IS 88,544 7th Avenue,11215,40.66036275,-73.98794106,585551.8019,4501547.5652
351,Brooklyn,Kings,IS 391,790 East New York Avenue,11203,40.66222575,-73.93700108,589855.456,4501805.1824
352,Brooklyn,Kings,IS 395/PS 109,1001 East 45 Street,11203,40.63631476,-73.93339658,590195.034,4498932.6052
353,Brooklyn,Kings,IS 302,332 Linwood Street,11208,40.67747363,-73.8835944,594348.5199,4503553.7483
354,Brooklyn,Kings,IS 71 -Juan Morel Campos,215 Heyward Street,11206,40.70372474,-73.95321457,588430.034,4506395.3832
355,Brooklyn,Kings,JASA Sr Ctr,202 Graham Avenue,11206,40.70898074,-73.94331007,589259.739,4506988.8517
356,Brooklyn,Kings,James Madison HS,3787 Bedford Avenue,11229,40.60988176,-73.94821508,588976.9911,4495983.3196
357,Brooklyn,Kings,J.H.S. 259 (William McKinley),7305 Fort Hamilton Parkway,11228,40.62633376,-74.01513905,583294.9504,4497744.0642
358,Brooklyn,Kings,Jennings Hall Sr Ctr,260 Powers Street,11211,40.71274274,-73.94001607,589532.9518,4507409.8117
359,Brooklyn,Kings,IS 96,99 Avenue P,11204,40.60772176,-73.98490806,585875.6184,4495707.1022
360,Brooklyn,Kings,JHS 126,424 Leonard Street,11222,40.71977174,-73.94847157,588809.3927,4508181.4935
361,Brooklyn,Kings,JHS 50,183 South 3rd Street,11211,40.71168974,-73.95995107,587850.4719,4507272.7912
362,Brooklyn,Kings,John Jay HS,237 7th Avenue,11215,40.66969575,-73.97900406,586295.2487,4502592.3156
363,Brooklyn,Kings,JHS 51,350 5th Avenue,11215,40.67198175,-73.98422406,585851.1117,4502840.9637
364,Brooklyn,Kings,JHS 258,141 Macon Street,11216,40.68180075,-73.94597407,589070.8991,4503968.993
365,Brooklyn,Kings,Kensington  Public Library,4207 18th Avenue,11218,40.63135576,-73.97551207,586639.9791,4498339.8009
366,Brooklyn,Kings,Kappa V Campus,985 Rockaway Avenue,11212,40.65571875,-73.90699059,592401.2727,4501113.9708
367,Brooklyn,Kings,Joseph A Miccio Community Center,110 West 9th Street,11231,40.67581575,-74.00226906,584321.1346,4503249.0925
368,Brooklyn,Kings,Kings Bay  Public Library,3650 Nostrand Avenue,11229,40.59495076,-73.94101958,589605.6521,4494333.2071
369,Brooklyn,Kings,Kings Bay YM-YWHA,3495 Nostrand Avenue,11229,40.59872176,-73.94133008,589574.345,4494751.4896
370,Brooklyn,Kings,Jimerson Houses,1411 Linden Boulevard,11212,40.65492675,-73.90784109,592330.4634,4501025.1607
371,Brooklyn,Kings,Kingsboro 7th Day Adventist,415 7 Street,11215,40.66909275,-73.98235206,586013.0439,4502522.0979
372,Brooklyn,Kings,L. H. Pink Houses Community Center,2702 Linden Boulevard,11208,40.66890375,-73.8645961,595966.4042,4502623.0028
373,Brooklyn,Kings,Knights Of Baron De Kalb Inc,3000 Emmons Avenue,11235,40.58362877,-73.93825208,589854.9829,4493079.2345
374,Brooklyn,Kings,Liberty Houses,902 Liberty Avenue,11208,40.67726475,-73.87635459,594960.6708,4503538.3572
375,Brooklyn,Kings,Lenox Road Baptist Church,1356 Nostrand Avenue,11226,40.65363075,-73.95004207,588764.4725,4500837.8419
376,Brooklyn,Kings,Linden Plaza Preservation Bldg 3,735 Lincoln Avenue,11208,40.67127975,-73.8658201,595859.5445,4502885.4185
377,Brooklyn,Kings,Linden Plaza Preservation Bldg 5,675 Lincoln Avenue,11208,40.67262975,-73.8661576,595829.0858,4503034.9092
378,Brooklyn,Kings,Marien Heim Community Center,870 Ocean Parkway,11230,40.62718876,-73.97154757,586980.6656,4497881.1546
379,Brooklyn,Kings,Kings Highway Public Library,2115 Ocean Avenue,11229,40.61027776,-73.95325057,588550.477,4496022.1991
380,Brooklyn,Kings,Lafayette Gardens Comm. Ctr.,442 Dekalb Avenue,11205,40.69005375,-73.95966757,587902.8597,4504871.3389
381,Brooklyn,Kings,Marlboro Comm Ctr,2298 West 8 Street,11223,40.59180077,-73.97868007,586423.0118,4493945.895
382,Brooklyn,Kings,Marlborough Gardens,386 Marlborough Road,11226,40.64061676,-73.96445557,587562.9306,4499378.7677
383,Brooklyn,Kings,Marine Park Jewish Center,3311 Avenue S,11234,40.60875676,-73.93312208,590255.3373,4495873.8068
384,Brooklyn,Kings,McCarren Play Center,776 Lorimer Street,11222,40.72019474,-73.95004657,588675.8086,4508226.8578
385,Brooklyn,Kings,Marlboro Memorial Post,300 Avenue X,11223,40.59025277,-73.97163757,587020.9573,4493780.9967
386,Brooklyn,Kings,Mary D.'s Housing for Seniors,80 Dupont Street,11222,40.73559374,-73.95703507,588065.2673,4509929.2209
387,Brooklyn,Kings,Midwood Public Library,975 East 16th Street,11230,40.62591076,-73.96040107,587925.065,4497750.3693
388,Brooklyn,Kings,Marien-Heim of Sunset Park,4520 4th Avenue,11220,40.64922976,-74.01026555,583678.5386,4500290.2603
389,Brooklyn,Kings,McGuiness Sr Ctr,715 Leonard Street,11222,40.72904174,-73.95290857,588422.3782,4509206.0502
390,Brooklyn,Kings,MS 678 (PS 72),605 Shepherd Avenue,11208,40.66947975,-73.87945509,594709.6552,4502670.8271
391,Brooklyn,Kings,MS 936,270 59 Street,11220,40.64278576,-74.02028705,582839.2119,4499565.4562
392,Brooklyn,Kings,MS 2,655 Parkside Avenue,11226,40.65628575,-73.95148207,588639.2172,4501131.1093
393,Brooklyn,Kings,Neshama Community Services,301 Seabreeze Avenue,11224,40.57606877,-73.97184907,587021.4419,4492206.3041
394,Brooklyn,Kings,New Utrecht HS,1601 80th Street,11214,40.61322976,-74.00313306,584326.8554,4496300.8936
395,Brooklyn,Kings,Medgar Evers,1150 Carroll Street,11225,40.66713975,-73.95182857,588595.5607,4502335.6168
396,Brooklyn,Kings,New Hope Family Worship,817 Livonia Avenue,11207,40.66598775,-73.88651559,594117.7927,4502275.6103
397,Brooklyn,Kings,Muslim American Society Youth Center,1933 Bath Avenue,11214,40.60226777,-74.00278656,584369.9529,4495084.3944
398,Brooklyn,Kings,O'Dwyer Community Center,2945 West 33 Street,11224,40.57391777,-73.99878156,584744.5862,4491941.2729
399,Brooklyn,Kings,Old Boys HS,832 Marcy Avenue,11216,40.68470775,-73.94727007,588957.5128,4504290.3753
400,Brooklyn,Kings,Noll Street Apartments,43 Central Avenue,11206,40.70185274,-73.93144358,590271.7573,4506209.7224
401,Brooklyn,Kings,PAL-Wynn Center,495 Gates Avenue,11216,40.68674175,-73.94700007,588977.6232,4504516.4354
402,Brooklyn,Kings,Ozzie Wilson Residences Senior Housing,575 Central Avenue,11207,40.68964874,-73.91005058,592095.8782,4504877.2005
403,Brooklyn,Kings,Park Slope Armory YMCA,361 15th Street,11215,40.66274775,-73.98327456,585943.2172,4501816.8647
404,Brooklyn,Kings,Patrick E Gorman Housing Co Inc.,1381a Linden Boulevard,11212,40.65472875,-73.90920909,592215.0841,4501001.746
405,Brooklyn,Kings,Penny Yates Apts,63 Central Avenue,11206,40.70142074,-73.93066058,590338.49,4506162.5724
406,Brooklyn,Kings,Plaza Sr Ctr/Plaza de los Ancianos,297 Wilson Avenue,11237,40.69698374,-73.91885708,591341.7361,4505682.2408
407,Brooklyn,Kings,Ocean Hill Comm Ctr,305 MacDougal Street,11233,40.68093675,-73.90804808,592277.1002,4503912.213
408,Brooklyn,Kings,Prospect Park YMCA,357 9 Street,11215,40.66848075,-73.98447606,585834.3024,4502452.0864
409,Brooklyn,Kings,Park Slope Public Library,431 6 Avenue,11215,40.66826475,-73.98353556,585914.074,4502429.0279
410,Brooklyn,Kings,PS 10,511 7th Avenue,11215,40.66099275,-73.98637506,585683.3755,4501619.0237
411,Brooklyn,Kings,Polish Slavic Culture Center,177 Kent Street,11222,40.73125574,-73.95340807,588377.2673,4509451.3168
412,Brooklyn,Kings,PS 105,1031 59th  Street,11219,40.63311076,-74.00366856,584256.5674,4498507.2667
413,Brooklyn,Kings,PS 108,200 Linwood Street,11208,40.68129675,-73.88418459,594293.2529,4503977.5051
414,Brooklyn,Kings,Our Lady of Perpetual Help,552 59 Street,11220,40.63930298,-74.01444698,583337.3557,4499184.3674
415,Brooklyn,Kings,PS 1,309 47th Street,11220,40.64909476,-74.01183155,583546.3052,4500273.7857
416,Brooklyn,Kings,PS 11 NEW,419 Waverly Avenue,11238,40.68550875,-73.96616107,587360.1183,4504360.3402
417,Brooklyn,Kings,PS 101,2360 Benson Avenue,11214,40.59761477,-73.99172556,585311.707,4494578.551
418,Brooklyn,Kings,PS 12,430 Howard Avenue,11233,40.67285475,-73.91975708,591298.6214,4503002.8324
419,Brooklyn,Kings,PS 120,18 Beaver Street,11206,40.70051174,-73.93785607,589731.8191,4506054.293
420,Brooklyn,Kings,PS   40,265 Ralph Avenue,11233,40.68014475,-73.92195758,591102.7137,4503809.7845
421,Brooklyn,Kings,PS 121,5301 20th Avenue,11204,40.62291376,-73.97887357,586366.5714,4497399.3917
422,Brooklyn,Kings,PS 115,1500 East 92nd Street,11236,40.63482076,-73.89740109,593241.051,4498804.2934
423,Brooklyn,Kings,PS 114,1077 Remsen Avenue,11236,40.64252475,-73.90812459,592323.5883,4499648.1694
424,Brooklyn,Kings,PS 13,557 Pennsylvania Avenue,11207,40.66363875,-73.89354909,593526.5533,4502007.3506
425,Brooklyn,Kings,PS 127,7805 7th Avenue,11228,40.62379576,-74.01870755,582996.2808,4497458.9621
426,Brooklyn,Kings,PS 128,2075 84th Street,11214,40.60484176,-73.99527156,585002.5135,4495377.3497
427,Brooklyn,Kings,PS 130,70 Ocean Parkway,11218,40.64895976,-73.97584956,586588.6842,4500293.6049
428,Brooklyn,Kings,PS 134,4001 18th Avenue,11218,40.63235476,-73.97327557,586827.8266,4498452.8999
429,Brooklyn,Kings,PS 135,684 Linden Boulevard,11203,40.65341475,-73.93297808,590207.3956,4500831.2296
430,Brooklyn,Kings,PS 132,320 Manhattan Avenue,11211,40.71474974,-73.94599207,589025.4989,4507626.5276
431,Brooklyn,Kings,PS 131,4305 Ft Hamilton Parkway,11219,40.64084176,-73.99341306,585114.0357,4499375.3199
432,Brooklyn,Kings,PS 136 JHS,4004 4th Avenue,11232,40.65192976,-74.00726856,583928.5448,4500592.8305
433,Brooklyn,Kings,PS 142 JHS,610 Henry Street,11231,40.67975775,-74.00165255,584368.2674,4503687.269
434,Brooklyn,Kings,PS 150,364 Sackman Street,11212,40.66852575,-73.90473159,592574.5383,4502538.0015
435,Brooklyn,Kings,PS 138,760 Prospect Place,11216,40.67424075,-73.95132457,588628.7581,4503124.3781
436,Brooklyn,Kings,PS 133,610 Baltic Street,11217,40.68029775,-73.98047106,586157.6045,4503767.7608
437,Brooklyn,Kings,PS 15 New,71 Sullivan Street,11231,40.67711175,-74.01144455,583544.057,4503384.1942
438,Brooklyn,Kings,PS 151,763 Knickerbocker Avenue,11207,40.69330274,-73.90836308,592233.4278,4505284.5885
439,Brooklyn,Kings,PS 153,1970 Homecrest Avenue,11229,40.60118776,-73.95989707,588000.1255,4495006.5006
440,Brooklyn,Kings,PS 155,1355 Herkimer Street,11233,40.67753475,-73.90865108,592230.8311,4503533.9364
441,Brooklyn,Kings,PS 158,400 Ashford Street,11207,40.67255775,-73.88492709,594242.8129,4503006.6235
442,Brooklyn,Kings,PS 157,850 Kent Avenue,11205,40.69527375,-73.95965857,587896.7595,4505450.8009
443,Brooklyn,Kings,PS 161,330 Crown Street,11225,40.66604175,-73.94921407,588818.009,4502216.3705
444,Brooklyn,Kings,PS 152/PS 315,725 East 23 Street,11210,40.63270576,-73.95456907,588409.3575,4498510.4938
445,Brooklyn,Kings,PS 160,5105 Fort Hamilton Parkway,11219,40.63699876,-73.99912806,584635.6385,4498943.2128
446,Brooklyn,Kings,PS 163,109 Bay 14th Street,11214,40.60671376,-74.00794356,583928.0726,4495572.9901
447,Brooklyn,Kings,PS 156 IS,104 Sutter Avenue,11212,40.66584375,-73.91824058,591436.3703,4502226.1449
448,Brooklyn,Kings,PS 167,1025 Eastern Parkway,11213,40.66935375,-73.93431458,590072.9588,4502599.1819
449,Brooklyn,Kings,PS 164,4211 14th Avenue,11219,40.63722376,-73.98596556,585748.4141,4498980.9364
450,Brooklyn,Kings,PS 172,825 4 Avenue,11232,40.65781575,-74.00041506,584500.5423,4501252.7717
451,Brooklyn,Kings,PS 17,208 North 5th Street,11211,40.71536174,-73.95696757,588097.6446,4507683.3963
452,Brooklyn,Kings,PS 169,4305 7th Avenue,11232,40.64603476,-74.00193606,584386.8037,4499943.5573
453,Brooklyn,Kings,PS 178,2163 Dean Street,11233,40.67513175,-73.91535158,591667.8476,4503260.1787
454,Brooklyn,Kings,PS 176,1225 Bay Ridge Avenue,11219,40.62470476,-74.00523456,584134.6839,4497572.661
455,Brooklyn,Kings,PS 18,101 Maujer Street,11206,40.71075374,-73.94648707,588989.0093,4507182.4429
456,Brooklyn,Kings,PS 181,1023 New York Avenue,11203,40.64816775,-73.94612258,589103.1037,4500235.3821
457,Brooklyn,Kings,PS 179,202 Avenue C,11218,40.64032876,-73.97738406,586470.0845,4499334.0082
458,Brooklyn,Kings,PS 170,619 72nd Street,11209,40.63019476,-74.01884705,582976.561,4498169.1501
459,Brooklyn,Kings,PS 177,346 Avenue P,11204,40.60845976,-73.97449507,586755.606,4495799.2353
460,Brooklyn,Kings,PS 184,273 Newport Street,11212,40.66009275,-73.90491159,592570.9842,4501601.6977
461,Brooklyn,Kings,PS 185,8601 Ridge Boulevard,11209,40.62366976,-74.03368805,581729.3873,4497430.9531
462,Brooklyn,Kings,PS 188,3314 Neptune Avenue,11224,40.57702277,-74.00053206,584592.5079,4492284.2573
463,Brooklyn,Kings,PS 186,7601 19th Avenue,11214,40.61116876,-73.99468206,585044.3658,4496080.2449
464,Brooklyn,Kings,PS 190,590 Sheffield Avenue,11207,40.66228875,-73.89459759,593439.8078,4501856.3775
465,Brooklyn,Kings,PS 189,1100 East New York Avenue,11212,40.66551975,-73.92576908,590800.4475,4502182.376
466,Brooklyn,Kings,PS 192,4715 18 Avenue,11204,40.62906076,-73.97995806,586266.9327,4498080.6753
467,Brooklyn,Kings,PS 195,131 Irwin Street,11235,40.58028077,-73.94380958,589389.1046,4492701.9361
468,Brooklyn,Kings,PS 196,207 Bushwick Avenue,11206,40.70876474,-73.93980007,589556.5269,4506968.447
469,Brooklyn,Kings,PS 20,225 Adelphi Street,11205,40.69102575,-73.97126406,586921.7348,4504967.7009
470,Brooklyn,Kings,PS 197,1599 East 22 Street,11210,40.61256376,-73.95166657,588681.4563,4496277.551
471,Brooklyn,Kings,PS 193,2515 Avenue L,11210,40.62170776,-73.95024457,588789.6413,4497294.0141
472,Brooklyn,Kings,PS 201 JHS,8010 12th Avenue,11228,40.61864776,-74.01306005,583480.3545,4496892.8522
473,Brooklyn,Kings,PS 205,6701 20th Avenue,11204,40.61495776,-73.98715806,585676.0245,4496508.1391
474,Brooklyn,Kings,PS 206,2200 Gravesend Neck Road,11229,40.59729076,-73.94883608,588941.1461,4494585.0317
475,Brooklyn,Kings,PS 203,5101 Avenue M,11234,40.62166276,-73.92567008,590868.2811,4497314.1064
476,Brooklyn,Kings,PS 204,8101 15th Avenue,11228,40.61374276,-74.00670606,584023.9613,4496354.4216
477,Brooklyn,Kings,PS 194,3117 Avenue W,11229,40.59714676,-73.93401758,590195.1854,4494584.1234
478,Brooklyn,Kings,PS 216,350 Avenue X,11223,40.59036977,-73.96973407,587181.8839,4493795.8673
479,Brooklyn,Kings,PS 219,1060 Clarkson Avenue,11212,40.65919275,-73.92265508,591072.2722,4501483.2622
480,Brooklyn,Kings,PS 208,4801 Avenue D,11203,40.64227275,-73.93063358,590420.6449,4499596.8125
481,Brooklyn,Kings,PS 22,443 St Marks Avenue,11238,40.67683275,-73.95973057,587914.9084,4503403.6638
482,Brooklyn,Kings,PS 220 JHS,4812 9th Avenue,11220,40.64076976,-74.00080656,584488.9443,4499360.1994
483,Brooklyn,Kings,PS 221,791 Empire Boulevard,11213,40.66388175,-73.93646108,589898.8794,4501989.5601
484,Brooklyn,Kings,PS 222,3301 Quentin Road,11234,40.61371576,-73.93869308,589777.3978,4496418.5823
485,Brooklyn,Kings,PS 224,755 Wortman Avenue,11208,40.66415175,-73.8665086,595811.5544,4502093.4145
486,Brooklyn,Kings,PS 226,6006 23rd Avenue,11204,40.61527276,-73.97664157,586565.22,4496553.3969
487,Brooklyn,Kings,PS 217,1100 Newkirk Avenue,11230,40.63380376,-73.96637257,587409.7179,4498620.5824
488,Brooklyn,Kings,PS 209,2609 East 7th Street,11235,40.58670677,-73.96172407,587864.5019,4493397.2202
489,Brooklyn,Kings,PS 229,1400 Benson Avenue,11228,40.61067376,-74.01329856,583470.1045,4496007.4755
490,Brooklyn,Kings,PS 230,1 Albemarle Road,11218,40.64526076,-73.98042606,586206.5095,4499878.5002
491,Brooklyn,Kings,PS 23,545 Willoughby Avenue,11206,40.69415774,-73.94779207,588900.8411,4505338.8567
492,Brooklyn,Kings,PS 223 IS,4200 16th Avenue,11204,40.63491076,-73.98183456,586100.7155,4498728.2166
493,Brooklyn,Kings,PS 227 JHS,6500 16th Avenue,11204,40.62188776,-73.99538406,584971.3966,4497269.4262
494,Brooklyn,Kings,PS 234 IS,1875 East 17 Street,11229,40.60434676,-73.95531607,588383.5557,4495361.7539
495,Brooklyn,Kings,PS 235 Annex,5811 Ditmas Avenue,11203,40.64385675,-73.92147158,591193.1986,4499782.1045
496,Brooklyn,Kings,PS 243,1580 Dean Street,11213,40.67588775,-73.93495358,590010.1608,4503323.841
497,Brooklyn,Kings,PS 235,525 Lenox Road,11203,40.65489975,-73.94073608,589549.5274,4500988.1435
498,Brooklyn,Kings,PS 238,1633 East 8th Street,11223,40.60866676,-73.96485607,587570.7888,4495831.7588
499,Brooklyn,Kings,PS 250,108 Montrose Avenue,11206,40.70695574,-73.94543407,589083.0181,4506761.9069
500,Brooklyn,Kings,PS 249,18 Marlborough Road,11226,40.64964375,-73.96619257,587404.2738,4500379.0856
501,Brooklyn,Kings,PS 233,9301 Avenue B,11236,40.65134475,-73.91393858,591819.8859,4500621.1533
502,Brooklyn,Kings,PS 256,114 Kosciuszko Street,11216,40.69067475,-73.94982157,588733.9872,4504950.1701
503,Brooklyn,Kings,PS 254,1801 Avenue Y,11235,40.59063977,-73.95154958,588720.3391,4493844.0028
504,Brooklyn,Kings,PS 257,60 Cook Street,11206,40.70260874,-73.94141107,589428.6763,4506283.4488
505,Brooklyn,Kings,PS 251,1037 East 54th  Street,11234,40.63149976,-73.92416258,590982.4378,4498407.6231
506,Brooklyn,Kings,PS 207 Annex Early Childhood Ctr,3920 Flatlands Avenue,11234,40.62112279,-73.93538967,590046.8961,4497244.1752
507,Brooklyn,Kings,PS 264,371 89th Street,11209,40.62093376,-74.02968305,582071.4788,4497130.9722
508,Brooklyn,Kings,PS 27,27 Huntington Street,11231,40.67764275,-74.00511305,584078.4808,4503449.1757
509,Brooklyn,Kings,PS 26 New,1014 Lafayette Avenue,11221,40.69197975,-73.93148858,590281.2843,4505113.7086
510,Brooklyn,Kings,PS 269,1957 Nostrand Avenue,11210,40.63774576,-73.94797657,588960.1868,4499076.6066
511,Brooklyn,Kings,PS 274,800 Bushwick Avenue,11221,40.69461674,-73.92776258,590592.537,4505410.2678
512,Brooklyn,Kings,PS 273,923 Jerome Street,11207,40.65813975,-73.87936059,594733.6881,4501412.1184
513,Brooklyn,Kings,PS 261,314 Pacific Street,11201,40.68730875,-73.98814356,585500.2518,4504538.5308
514,Brooklyn,Kings,PS 277,2529 Gerritsen Avenue,11229,40.59618376,-73.92855458,590658.7313,4494482.8372
515,Brooklyn,Kings,PS 279,1070 East 104 Street,11236,40.64387475,-73.89208209,593678.2005,4499814.9904
516,Brooklyn,Kings,PS 276,1070 East 83rd Street,11236,40.63381276,-73.90784559,592359.1869,4498681.3817
517,Brooklyn,Kings,PS 270,241 Emerson Place,11205,40.69007175,-73.96127407,587767.0927,4504871.7312
518,Brooklyn,Kings,PS 282,180 6th Avenue,11217,40.67654475,-73.97761356,586403.9338,4503353.9606
519,Brooklyn,Kings,PS 286,2525 Haring Street,11235,40.59138677,-73.93899908,589781.3872,4493939.6452
520,Brooklyn,Kings,PS 252 JHS,1064 Lenox Road,11212,40.65791567,-73.92055322,591251.6943,4501343.6781
521,Brooklyn,Kings,PS 289,900 St Marks Avenue,11213,40.67461875,-73.94248207,589375.5894,4503175.2919
522,Brooklyn,Kings,PS 306,970 Vermont Street,11207,40.65545775,-73.88636259,594145.5306,4501106.8796
523,Brooklyn,Kings,PS 29,425 Henry Street,11201,40.68700275,-73.99782306,584682.7244,4504495.1902
524,Brooklyn,Kings,PS 309,794 Monroe Street,11221,40.68833475,-73.92447308,590879.0048,4504716.322
525,Brooklyn,Kings,PS 304,280 Hart Street,11206,40.69396874,-73.94076757,589494.6027,4505325.0077
526,Brooklyn,Kings,PS 320/PS 375,46 McKeever Place,11225,40.66481775,-73.95924907,587971.3919,4502070.4095
527,Brooklyn,Kings,PS 316,750 Classon Avenue,11238,40.67451075,-73.96058107,587846.0781,4503145.0575
528,Brooklyn,Kings,PS 321,180 7th Avenue,11215,40.67163975,-73.97802756,586375.2757,4502809.07
529,Brooklyn,Kings,PS 312,7103 Avenue T,11234,40.62177076,-73.90881309,592293.9463,4497343.6396
530,Brooklyn,Kings,PS 329,2929 West 30th Street,11224,40.57479077,-73.99609056,584971.2554,4492040.772
531,Brooklyn,Kings,PS 331,7002 4th Avenue,11209,40.63347076,-74.02420655,582519.2655,4498527.7609
532,Brooklyn,Kings,PS 335,130 Rochester Avenue,11213,40.67451975,-73.92797858,590601.5006,4503179.1508
533,Brooklyn,Kings,PS 346,1400 Pennsylvania Avenue,11239,40.64706075,-73.8814531,594572.4376,4500180.0305
534,Brooklyn,Kings,PS 377,200 Woodbine Street,11221,40.69387874,-73.91515358,591658.8923,4505341.4223
535,Brooklyn,Kings,PS 328,330 Alabama Avenue,11207,40.66779675,-73.89786909,593155.5974,4502464.3275
536,Brooklyn,Kings,PS 384,242 Cooper Street,11207,40.69011674,-73.90489359,592530.9822,4504934.5693
537,Brooklyn,Kings,PS 397,490 Fenimore Street,11203,40.65882375,-73.94638807,589066.4834,4501417.9894
538,Brooklyn,Kings,PS 401,51 Christopher Avenue,11212,40.67211675,-73.90632459,592434.9325,4502934.9484
539,Brooklyn,Kings,PS 244,5404 Tilden Avenue,11203,40.64836882,-73.926016,590802.8298,4500278.267
540,Brooklyn,Kings,PS 310,942 62nd Street,11219,40.63219276,-74.00736756,583944.8998,4498401.828
541,Brooklyn,Kings,PS 398,60 East 94th Street,11212,40.66402575,-73.92768158,590640.8115,4502014.5595
542,Brooklyn,Kings,PS 38,450 Pacific Street,11217,40.68509475,-73.98263106,585968.9017,4504298.1414
543,Brooklyn,Kings,PS 446,76 Riverdale Avenue,11212,40.66008375,-73.91360558,591836.0543,4501591.5814
544,Brooklyn,Kings,PS 272,101-24 Seaview Avenue,11236,40.63277523,-73.89141041,593750.5226,4498583.5956
545,Brooklyn,Kings,PS 5 New,820 Hancock Street,11233,40.68554475,-73.92260108,591040.9835,4504408.5518
546,Brooklyn,Kings,PS 54 New,195 Sandford Street,11205,40.69280775,-73.95286807,588473.7496,4505183.8746
547,Brooklyn,Kings,PS 52,2675 East 29th Street,11235,40.58739977,-73.94025008,589680.853,4493495.7954
548,Brooklyn,Kings,PS 56 New,170 Gates Avenue,11238,40.68490575,-73.96061257,587829.7698,4504298.9341
549,Brooklyn,Kings,PS 48,6015 18 Avenue,11204,40.62161776,-73.98737856,585648.8652,4497247.2162
550,Brooklyn,Kings,PS 59,211 Throop Avenue,11206,40.69784774,-73.94365207,589245.71,4505752.6677
551,Brooklyn,Kings,PS 62 JHS,700 Cortelyou Road,11218,40.63857376,-73.97124157,586991.7672,4499145.2506
552,Brooklyn,Kings,PS 6,43 Snyder Avenue,11226,40.64892375,-73.95636457,588236.154,4500308.9759
553,Brooklyn,Kings,PS 61 IS,400 Empire Boulevard,11225,40.66389075,-73.94837257,588891.9944,4501978.4474
554,Brooklyn,Kings,PS 58,330 Smith Street,11231,40.68035175,-73.99536156,584899.1611,4503759.2645
555,Brooklyn,Kings,PS 68 JHS,956 East 82 Street,11236,40.63527976,-73.91073009,592113.2353,4498841.2024
556,Brooklyn,Kings,PS 682,50 Avenue P,11204,40.60710976,-73.98693306,585705.0849,4495637.1937
557,Brooklyn,Kings,PS 69,6302 9th Avenue,11220,40.63238176,-74.00952306,583762.3746,4498420.7534
558,Brooklyn,Kings,PS 73,251 MacDougal Street,11233,40.68045975,-73.91037008,592081.5289,4503856.8275
559,Brooklyn,Kings,PS 753/Brooklyn School for Career Development,510 Clermont Avenue,11238,40.68271875,-73.96897357,587126.0896,4504047.8411
560,Brooklyn,Kings,PS 81,990 Dekalb Avenue,11221,40.69309575,-73.93530008,589957.7342,4505233.6825
561,Brooklyn,Kings,PS 65,700 Jamaica Avenue,11208,40.68718274,-73.87820409,594790.3111,4504637.3238
562,Brooklyn,Kings,PS 66 IS,845 East 96 Street,11236,40.64858175,-73.90699059,592411.1197,4500321.7221
563,Brooklyn,Kings,PS 89,265 Warwick Street,11207,40.67768775,-73.88679459,594077.762,4503574.0857
564,Brooklyn,Kings,PS 84,250 Berry Street,11249,40.71483974,-73.96312807,587577.9859,4507619.2894
565,Brooklyn,Kings,PS 896,736 48th Street,11220,40.64303776,-74.00409606,584207.9388,4499608.8046
566,Brooklyn,Kings,PS 90,2840 West 12th Street,11224,40.57813877,-73.97983657,586342.7172,4492428.2212
567,Brooklyn,Kings,PS 889,21 Hinckley Place,11218,40.64466676,-73.97062057,587036.3644,4499822.2202
568,Brooklyn,Kings,PS 9 New,80 Underhill Avenue,11238,40.67831775,-73.96573807,587405.2565,4503562.5161
569,Brooklyn,Kings,PS 91,532 Albany Avenue,11203,40.66183875,-73.94014208,589590.4601,4501759.0177
570,Brooklyn,Kings,PS 93,31 New York Avenue,11216,40.67862375,-73.94674807,589009.7171,4503615.5423
571,Brooklyn,Kings,PS 8,37 Hicks Street,11201,40.70077275,-73.99300806,585072.0741,4506028.3961
572,Brooklyn,Kings,PS 92,601 Parkside Avenue,11226,40.65613275,-73.95411457,588416.8702,4501111.4751
573,Brooklyn,Kings,PS 95,345 Van Sicklen Street,11223,40.59558977,-73.97503507,586726.5565,4494370.0748
574,Brooklyn,Kings,PS 971,6214 4 Avenue,11220,40.63946476,-74.02016105,582853.9725,4499196.9272
575,Brooklyn,Kings,PS IS 667,76 Dinsmore Place,11208,40.68118875,-73.8763996,594951.299,4503973.8982
576,Brooklyn,Kings,PS/IS 180,5601 16th Avenue,11204,40.62672076,-73.98966906,585448.6244,4497811.4472
577,Brooklyn,Kings,PS/IS 202,982 Hegeman Avenue,11208,40.66625775,-73.8764041,594972.1053,4502316.4564
578,Brooklyn,Kings,PS 94,5010 6th Avenue,11220,40.64361376,-74.00860055,583826.3377,4499668.4407
579,Brooklyn,Kings,PS 99,1120 East 10 Street,11230,40.62156376,-73.96575607,587477.8251,4497262.4931
580,Brooklyn,Kings,PS/IS 437,713 Caton Avenue,11218,40.64786176,-73.97296057,586834.3673,4500174.5694
581,Brooklyn,Kings,PS/IS 262,500 Macon Street,11233,40.68324975,-73.92969308,590444.7966,4504146.4693
582,Brooklyn,Kings,Raices Times Plaza Senior Center,460 Atlantic Avenue,11217,40.68606675,-73.98303156,585933.8098,4504405.6476
583,Brooklyn,Kings,Quincy Senior Residences,625 Quincy Street,11221,40.68901875,-73.93408058,590066.263,4504782.3586
584,Brooklyn,Kings,Remsen Hall,375 Remsen Avenue,11212,40.65642075,-73.92374408,590983.9795,4501174.4266
585,Brooklyn,Kings,Rheingold Gardens,555 Bushwick Avenue,11206,40.69937774,-73.93545308,589936.3576,4505930.8687
586,Brooklyn,Kings,Regina Pacis Housing,2424 Cropsey Avenue,11214,40.59364577,-73.99482156,585054.7755,4494134.9793
587,Brooklyn,Kings,Saratoga Square Sr Ctr,930 Halsey Street,11233,40.68542775,-73.91686358,591525.975,4504401.5239
588,Brooklyn,Kings,Saratoga Village,940 Hancock Street,11233,40.68618375,-73.91728658,591489.1966,4504485.0043
589,Brooklyn,Kings,PS 97,1855 Stillwell Avenue,11223,40.60134977,-73.98586206,585803.0588,4494998.8511
590,Brooklyn,Kings,Science Skills Center HS,49 Flatbush Avenue Extension,11201,40.69739775,-73.98486306,585764.5145,4505661.669
591,Brooklyn,Kings,Sephardic Comm Ctr,1901 Ocean Parkway,11223,40.60227676,-73.96580557,587498.7958,4495121.4948
592,Brooklyn,Kings,Ridgewood Sr Center,319 Stanhope Street,11237,40.70295974,-73.91838908,591373.1092,4506346.1033
593,Brooklyn,Kings,Seth Low Senior Center,137 Belmont Avenue,11212,40.66974075,-73.90513659,592538.6264,4502672.4476
594,Brooklyn,Kings,Shore Hill Housing,9000 Shore Road,11209,40.62193276,-74.03995655,581201.302,4497232.3346
595,Brooklyn,Kings,PS 506/503/314,343 60 Street,11220,40.64151907,-74.01942593,582913.5925,4499425.6592
596,Brooklyn,Kings,Sr Center,196 Albany Avenue,11213,40.67402475,-73.93912957,589659.7249,4503112.7686
597,Brooklyn,Kings,Spring Creek Educational Campus,1065 Elton Street,11208,40.65723075,-73.8743296,595160.2856,4501316.6465
598,Brooklyn,Kings,Sr Citizen Club,430 Dumont Avenue,11212,40.66461975,-73.90314759,592713.8337,4502106.0809
599,Brooklyn,Kings,St. Augustine's Episcopal Church,4301 Avenue D,11203,40.64186776,-73.93571408,589991.598,4499546.6448
600,Brooklyn,Kings,"Sr. Lucian Senior Apartments, LP",415 Bleecker Street,11237,40.70309474,-73.91351108,591785.0184,4506366.1745
601,Brooklyn,Kings,Seacoast Towers,1311 Brightwater Avenue,11235,40.57583477,-73.95561758,588395.5874,4492196.4931
602,Brooklyn,Kings,St. Brendan Senior Apartments L.P.,1215 Avenue O,11230,40.61284276,-73.96150807,587848.5569,4496298.6512
603,Brooklyn,Kings,Shorefront YM-YWHA,3300 Coney Island Avenue,11235,40.57572677,-73.95980257,588041.5084,4492180.3129
604,Brooklyn,Kings,St. Dominic R.C. Church,2001 Bay Ridge Parkway,11204,40.61082676,-73.99134306,585327.2663,4496045.513
605,Brooklyn,Kings,St. Marks School,2602 East 19th Street,11235,40.58815577,-73.95064958,588799.7849,4493569.175
606,Brooklyn,Kings,St. Simon And Jude Church,185 Van Sicklen Street,11223,40.59972076,-73.97446807,586769.1918,4494829.1929
607,Brooklyn,Kings,St. Francis Church De Paola,219 Conselyea Street,11211,40.71551474,-73.94252257,589317.5285,4507714.9705
608,Brooklyn,Kings,St. Therese Of Lisieux,1281 Troy Avenue,11203,40.64118376,-73.93489958,590061.3894,4499471.5507
609,Brooklyn,Kings,Stuyvesant Gardens ll,150 Malcolm X Boulevard,11221,40.68827175,-73.93034558,590382.8716,4504703.2718
610,Brooklyn,Kings,Stuy-Park Houses,77 New York Avenue,11216,40.67714775,-73.94683357,589004.4547,4503451.6107
611,Brooklyn,Kings,Taylor Wythe Comm Ctr,80 Clymer Street,11249,40.70495774,-73.96577856,587367.0275,4506519.6826
612,Brooklyn,Kings,St. Cecilia,24 North Henry Street,11222,40.71986174,-73.94248207,589315.1386,4508197.5585
613,Brooklyn,Kings,Telecommunications HS,350 67th Street,11220,40.63688176,-74.02329755,582591.9336,4498907.2517
614,Brooklyn,Kings,Sunset Park HS,153 35th Street,11232,40.65545775,-74.00456406,584152.7618,4500987.042
615,Brooklyn,Kings,The Joan Snow Pre-K Center,3610 Glenwood Road,11210,40.63422676,-73.94163158,589501.4354,4498692.415
616,Brooklyn,Kings,Tilden Community Center,630 Mother Gaston Boulevard,11212,40.66347675,-73.90560009,592508.1064,4501976.6174
617,Brooklyn,Kings,Top Civic Ctr,1098 Utica Avenue,11203,40.64596275,-73.92996308,590472.357,4500007.1126
618,Brooklyn,Kings,St. Edmund Preparatory HS,2474 Ocean Avenue,11229,40.60098076,-73.95195008,588672.7833,4494991.4973
619,Brooklyn,Kings,Trump Village Bldg 4A,458 Neptune Avenue,11224,40.57939877,-73.97090407,587097.1078,4492576.8819
620,Brooklyn,Kings,Trump Village Bldg 3A,444 Neptune Avenue,11224,40.57947977,-73.97013907,587161.7492,4492586.6301
621,Brooklyn,Kings,Trump Village Bldg 7A,2942 West 5 Street,11224,40.57750877,-73.97343307,586885.5088,4492364.5861
622,Brooklyn,Kings,Trump Village Bldg 5B1,2925 West 5th Street,11224,40.57792277,-73.97196157,587009.5177,4492411.9945
623,Brooklyn,Kings,Trump Village Bldg 6A,2928 West 5th Street,11224,40.57785977,-73.97278057,586940.2809,4492404.1925
624,Brooklyn,Kings,Van Dyke Community Ctr.,392 Blake Avenue,11212,40.66606875,-73.90479009,592572.9915,4502265.1978
625,Brooklyn,Kings,Urban Assembly School for Law & Justice,283 Adams Street,11201,40.69472475,-73.98850356,585460.3556,4505361.402
626,Brooklyn,Kings,Vandalia  Ctr,47 Vandalia Avenue,11239,40.65005775,-73.88693859,594104.4227,4500506.8308
627,Brooklyn,Kings,Vanderveer Church United Methodist Church,3114 Glenwood Road,11210,40.63393876,-73.94621708,589114.0367,4498655.7902
628,Brooklyn,Kings,Warbasse Bldg 2A,425 Neptune Avenue,11224,40.58048777,-73.96981507,587187.8623,4492698.843
629,Brooklyn,Kings,Vollies Memorial Hall,43 Seba Avenue,11229,40.58801176,-73.92279909,591156.8312,4493581.65
630,Brooklyn,Kings,Warbasse Bldg 1C,2820 Ocean Parkway,11235,40.58090177,-73.96815007,587328.2405,4492746.4484
631,Brooklyn,Kings,Temple Sholom of Flatbush,2075 East 68th Street,11234,40.61866576,-73.90978059,592216.3827,4496997.9539
632,Brooklyn,Kings,Warbasse Bldg 4,2770 West 5th Street,11224,40.58122577,-73.97192107,587008.6655,4492778.6812
633,Brooklyn,Kings,Warbasse Bldg 3,2785 West 5th Street,11224,40.58088377,-73.97124157,587066.6176,4492741.3894
634,Brooklyn,Kings,Water View Tower,2630 Cropsey Avenue,11214,40.58938877,-73.99114956,585370.9068,4493665.988
635,Brooklyn,Kings,Wayside Comm Center,1630 St Marks Avenue,11233,40.67292675,-73.91321858,591851.1453,4503017.6367
636,Brooklyn,Kings,William Maxwell HS,145 Pennsylvania Avenue,11207,40.67384475,-73.89614559,593292.8452,4503137.5211
637,Brooklyn,Kings,West End Gardens,1002 44th Street,11219,40.64148076,-73.99591506,584901.661,4499443.8341
638,Brooklyn,Kings,Williams Plaza,323 Roebling Street,11211,40.70821574,-73.96070257,587791.5564,4506886.4028
639,Brooklyn,Kings,Williamsburg Comm Ctr,195 Graham Avenue,11206,40.70916074,-73.94382757,589215.7842,4507008.3071
640,Brooklyn,Kings,Willoughby Sr Ctr,105 North Portland Avenue,11205,40.69461675,-73.97586306,586528.4958,4505361.785
641,Brooklyn,Kings,Zvi Dov Roth Academy of Yeshiva Rambam,3300 Kings Highway,11234,40.61882776,-73.94181608,589506.3911,4496982.8586
642,Brooklyn,Kings,Wyckoff Gardens Comm Ctr,280 Wyckoff Street,11217,40.68291675,-73.98310806,585931.3915,4504055.9038
643,Brooklyn,Kings,William E. Grady CTE High School,25 Brighton 4th Road,11235,40.58271977,-73.96335307,587731.8548,4492953.022
644,New York,New York,1199 Housing,2070 1 Avenue,10029,40.79031373,-73.93917907,589499.5667,4516021.6295
645,New York,New York,1199 Housing III,2130 1 Avenue,10029,40.79188873,-73.93798207,589598.4397,4516197.6899
646,New York,New York,1619 3rd Avenue,1619 3 Avenue,10128,40.78166473,-73.95137856,588481.7797,4515049.1411
647,New York,New York,158th & Riverside Drive Housing Co. Inc.,156-20 Riverside Drive West,10032,40.83541272,-73.94854356,588649.4331,4521018.4916
648,New York,New York,21st Century Leadership Academy,501 West 152 Street,10031,40.82991372,-73.94473206,588978.1421,4520411.9167
649,New York,New York,Amalgamated Dwelling,504A Grand Street,10002,40.71474074,-73.98218106,585968.8021,4507589.4753
650,New York,New York,53rd Street Library,18 West 53 Street,10103,40.76082073,-73.97706906,586340.9833,4512709.6971
651,Brooklyn,Kings,PS 19,325 South 3th Street,11211,40.70978695,-73.95471772,588295.0412,4507066.8163
652,New York,New York,Andrew Heiskell Library,40 West 20 Street,10011,40.74055274,-73.99329155,584997.502,4510443.9665
653,New York,New York,A. Philip Randolph Senior Center,108 West 146 Street,10039,40.82128272,-73.93642507,589690.2125,4519462.2676
654,New York,New York,Associated Blind,135 West 23 Street,10011,40.74363974,-73.99427705,584910.3677,4510785.6915
655,New York,New York,Bard H.S.E.C.- 97,525 East Houston Street,10002,40.71848474,-73.97594856,586490.3846,4508011.2036
656,New York,New York,Baruch College Campus H.S,55 East 25 Street,10010,40.74179474,-73.98594306,585616.3607,4510588.9787
657,New York,New York,Bayard Rustin High School,351 West 18 Street,10011,40.74304574,-74.00232755,584231.4258,4510711.9968
658,New York,New York,Baruch College Vertical Campus,55 Lexington Avenue,10010,40.74042674,-73.98390906,585789.8508,4510439.1069
659,New York,New York,3333 Broadway,3333A Broadway,10031,40.81976172,-73.95787656,587883.2075,4519271.6907
660,New York,New York,Bernie Wohl Center,647 Columbus Avenue,10025,40.78989973,-73.96941006,586949.5307,4515945.2577
661,New York,New York,Bonifacio Cora Texidor Housing for the Elderly,7 East 116 Street,10029,40.80044772,-73.94545656,588956.4072,4517140.1997
662,New York,New York,Boys & Girls Republic,888 East 6 Street,10009,40.72207574,-73.97624556,586460.6529,4508409.5363
663,New York,New York,Cabrini Houses,220 East 19 Street,10003,40.73589074,-73.98409806,585779.7201,4509935.3943
664,New York,New York,Campos Plaza Community Center,611 East 13 Street,10009,40.72844774,-73.97746956,586349.0421,4509115.6674
665,New York,New York,Castle Gardens,625 West 140 Street,10031,40.82398272,-73.95419556,588188.043,4519743.9564
666,New York,New York,Cathedral Church of Saint John The Divine (Synod Hall),1021 Amsterdam Avenue,10025,40.80271572,-73.96243056,587521.5566,4517374.883
667,New York,New York,Carver Houses,1481 Madison Avenue,10029,40.79070973,-73.95128856,588477.3674,4516053.3002
668,New York,New York,Boricua College,3755 Broadway,10032,40.83339672,-73.94569956,588891.9107,4520797.5789
669,New York,New York,City As School,16 Clarkson Street,10014,40.72932074,-74.00631005,583912.4317,4509184.6134
670,New York,New York,Church of St Paul & St Andrew,263 West 86 Street,10024,40.78879273,-73.97726256,586288.4484,4515814.6156
671,New York,New York,Civil Court,75 Lafayette Street,10013,40.71694574,-74.00167505,584319.4586,4507815.3459
672,New York,New York,Church of the Holy Trinity,316 East 88 Street,10128,40.77871273,-73.94993407,588607.5904,4514722.9038
673,New York,New York,Community Health Academy of The Heights,504 West 158 Street,10032,40.83360372,-73.94226156,589181.5084,4520824.0516
674,New York,New York,Columbia University Houses,410 Riverside Drive,10025,40.80700872,-73.96695756,587134.0713,4517846.9324
675,New York,New York,Clinton Community Center,456 West 37 Street,10018,40.75623073,-73.99738655,584631.8706,4512180.3796
676,New York,New York,Confucius Plaza,33 Bowery,10002,40.71489374,-73.99636505,584770.5559,4507592.6722
677,New York,New York,Clinton Senior Center,530 West 55 Street,10019,40.76808373,-73.99100555,585155.3766,4513502.3245
678,New York,New York,CUNY Graduate and University Center,365 5 Avenue,10016,40.74872474,-73.98412506,585760.9526,4511360.0332
679,New York,New York,Continental East,353 East 83 Street,10028,40.77522073,-73.95102307,588520.3316,4514334.1645
680,New York,New York,Dream Charter School,1991 2 Avenue,10029,40.78918873,-73.94414707,589081.9221,4515891.6867
681,New York,New York,Dewitt Clinton Center,120 East 110 Street,10029,40.79492173,-73.94514607,588989.9799,4516527.0827
682,New York,New York,East River Housing II,575 Grand Street,10002,40.71321074,-73.97914806,586226.9587,4507422.6084
683,New York,New York,East River Housing IV,477 FDR Drive,10002,40.71373274,-73.97779356,586340.6949,4507481.8846
684,New York,New York,East Midtown Plaza,319 East 24 Street,10010,40.73807774,-73.97891856,586214.2447,4510183.2405
685,New York,New York,Eleanor Roosevelt HS,411 East 76 Street,10021,40.77018973,-73.95338106,588328.0062,4513773.3072
686,New York,New York,Drew Hamilton Houses,220 West 143 Street,10030,40.82065272,-73.94121307,589287.2835,4519387.4429
687,New York,New York,Esplanade Gardens,129 West 147 Street,10039,40.82258772,-73.93599757,589724.5049,4519607.5717
688,New York,New York,Elias Howe Primary School 51 Manhattan,525 West 44 Street,10036,40.76157673,-73.99580705,584758.4089,4512775.3495
689,New York,New York,EM Moore Housing for the Elderly,160 West 116 Street,10026,40.80275172,-73.95189156,588410.5139,4517389.4538
690,New York,New York,David Rubenstein Atrium at Lincoln Center,1887 Broadway,10023,40.77104473,-73.98243756,585874.6826,4513839.3697
691,New York,New York,Ford Foundation,320 East 43 Street,10017,40.75004774,-73.97103906,586863.9784,4511519.7652
692,New York,New York,Fort Tryon Center for Rehabilitation & Nursing,801 West 190 Street,10040,40.85697671,-73.93460707,589795.3386,4523426.4913
693,New York,New York,Frank McCourt HS,145 West 84 Street,10024,40.78574173,-73.97420256,586550.5864,4515478.9456
694,New York,New York,Ft Washington Serv For Eld/Riverstone Senior Life Services,99 Ft Washington Avenue,10032,40.83910272,-73.94385006,589040.2156,4521432.8748
695,New York,New York,F.I.T. Feldman Building (John E. Reeves Great Hall),218 West 28 Street,10001,40.74741627,-73.99395084,584933.1046,4511205.229
696,New York,New York,Find Aid For Aged (Hamilton),141 West 73 Street,10023,40.77890173,-73.97995356,586074.1749,4514713.9921
697,New York,New York,Gen Grant Houses (NYCHA),75 La Salle Street,10027,40.81357872,-73.95800256,587880.7415,4518585.198
698,New York,New York,Find Aid For Aged (Hargrave),111 West 71 Street,10023,40.77700273,-73.97966556,586100.9296,4514503.4709
699,New York,New York,Gregorio Luperon High School,501 West 165 Street,10032,40.83828372,-73.93863457,589481.0244,4521347.2723
700,New York,New York,Hamilton Madison House,50 Madison Street,10038,40.71165374,-73.99783655,584650.3697,4507231.5919
701,New York,New York,Gen Grant Houses II,1295 Amsterdam Avenue,10027,40.81138272,-73.95710256,587959.548,4518342.3259
702,New York,New York,Gen Grant Houses III,1315 Amsterdam Avenue,10027,40.81248072,-73.95627456,588027.9326,4518465.0445
703,New York,New York,HCCI (Harlem Congregation for Community Improvement),267 West 152 Street,10039,40.82721372,-73.93830607,589523.6104,4520118.7379
704,New York,New York,HCCI (The David & Joyce Dinkins Gardens),263 West 153 Street,10039,40.82771772,-73.93719907,589616.2773,4520175.8179
705,New York,New York,Henry Brooks Senior House,304 West 154 Street,10039,40.82865372,-73.93848157,589506.8753,4520278.4115
706,New York,New York,Highbridge Rec. Ctr,2301 Amsterdam Avenue,10033,40.84284672,-73.93435957,589835.2832,4521858.1826
707,New York,New York,Harold O. Levy School /IS 52,650 Academy Street,10034,40.86558971,-73.92476107,590613.4703,4524392.7598
708,New York,New York,Harlem Renaissance HS,22 East 128 Street,10035,40.80781872,-73.93991257,589414.1869,4517964.0832
709,New York,New York,HS Fashion Industries,225 West 24 Street,10011,40.74544874,-73.99650905,584719.6276,4510984.3466
710,New York,New York,HS of Graphic Arts,439 West 49 Street,10019,40.76358373,-73.99084805,585174.4148,4513002.9435
711,New York,New York,Hunter College,904 Lexington Avenue,10065,40.76778673,-73.96450956,587391.9647,4513495.4107
712,New York,New York,Gen Grant Houses IV,3150 Broadway,10027,40.81390272,-73.95884856,587808.9626,4518620.3169
713,New York,New York,HS For Leadership,90 Trinity Place,10006,40.70892674,-74.01237605,583425.6382,4506914.9665
714,New York,New York,IS 70,333 West 17 Street,10011,40.74227174,-74.00227805,584236.5817,4510626.1249
715,New York,New York,Inwood Terrace,99 Hillside Avenue,10040,40.85975771,-73.92687157,590443.5435,4523743.1694
716,New York,New York,Isabella Geriatric Center,515 Audubon Avenue,10040,40.85450171,-73.92769507,590381.2818,4523158.853
717,New York,New York,Inwood Tower,11 Fort George Hill,10040,40.85751671,-73.92813607,590340.0143,4523493.0917
718,New York,New York,Jackie Robinson Complex,1573 Madison Avenue,10029,40.79390473,-73.94909706,588658.0118,4516410.1849
719,New York,New York,Jackie Robinson Recreation Center (Parks),85 Bradhurst Avenue,10039,40.82413572,-73.94243707,589179.3962,4519772.8403
720,New York,New York,HS of Art & Design,249 East 56 Street,10022,40.75915447,-73.96688691,587202.6038,4512534.7981
721,New York,New York,J K Onassis HS,120 West 46 Street,10036,40.75775173,-73.98343206,585807.8497,4512362.7736
722,New York,New York,JHS 118,154 West 93 Street,10025,40.79159173,-73.97085456,586825.454,4516131.6522
723,New York,New York,Antler Apartments,2079 8 Avenue,10026,40.80230124,-73.95718718,587964.403,4517334.1193
724,New York,New York,Charles Hill Tower,2050 8 Avenue,10026,40.80146496,-73.95721281,587963.3457,4517241.2591
725,New York,New York,JHS 143 Eleanor Roosevelt,511 West 182 Street,10033,40.84910171,-73.93110607,590101.0901,4522555.8875
726,New York,New York,Jewish Community Center (Harlem),318 West 118 Street,10026,40.80604572,-73.95544656,588106.2793,4517751.5366
727,New York,New York,John F Kennedy HS,99 Terrace View Avenue,10463,40.87726271,-73.91257957,591623.9629,4525701.2562
728,New York,New York,JASA Community Center,200 East 5 Street,10003,40.72746674,-73.99100106,585207.5891,4508993.5503
729,New York,New York,K'Hal Adath Jeshurun,90 Bennett Avenue,10033,40.85310671,-73.93546657,589728.1174,4522996.0037
730,New York,New York,Kurt & Leah Apts,11 West 102 Street,10025,40.79595673,-73.96264656,587512.2133,4516624.3623
731,New York,New York,LaGuardia High School,100 Amsterdam Avenue,10023,40.77391573,-73.98528605,585630.6003,4514155.2883
732,New York,New York,Church Heavenly Rest,1085 Fifth Avenue,10128,40.78388341,-73.95859514,587869.9172,4515288.1772
733,New York,New York,IS 218,4600 Broadway,10040,40.86101771,-73.93012957,590167.245,4523879.6817
734,New York,New York,Knickerbocker Plaza,1751 2nd Avenue,10128,40.78134973,-73.94943907,588645.8545,4515016.132
735,New York,New York,Liberty High School,250 West 18 Street,10011,40.74191174,-74.00015405,584416.3666,4510588.2028
736,New York,New York,Lincoln Guild Housing,303 West 66 Street,10023,40.77649873,-73.98764855,585427.9195,4514439.7177
737,New York,New York,Lincoln Square Neighborhood Center,250 West 65 Street,10023,40.77492373,-73.98712205,585474.368,4514265.3934
738,New York,New York,Lesbian And Gay Community Services Center Inc,208 West 13 Street,10011,40.73812274,-74.00103155,584347.0651,4510166.7539
739,New York,New York,Lincoln Towers,140 West End Avenue,10023,40.77583273,-73.98608255,585560.9239,4514367.3128
740,New York,New York,"M Plaza, L.P.",400 West 43 Street,10036,40.75924573,-73.99272005,585021.9399,4512519.5778
741,New York,New York,Lincoln Towers VI,205 West End Avenue,10023,40.77856873,-73.98637505,585532.7309,4514670.7448
742,New York,New York,Lincoln Towers IV,180 West End Avenue,10023,40.77729973,-73.98547505,585610.306,4514530.7539
743,New York,New York,Manhattanville Community Center,530 West 133 Street,10027,40.81790772,-73.95438906,588179.7716,4519069.3836
744,New York,New York,M.S. Houses,107 East 129 Street,10035,40.80724272,-73.93591657,589752.0155,4517904.2259
745,New York,New York,Lenox Hill Neighborhood House,343 East 70 Street,10021,40.76674273,-73.95712056,588016.9595,4513386.9052
746,New York,New York,Mary McLeod Bethune Gardens Community Center,1949 Amsterdam Avenue,10032,40.83256872,-73.94193757,589210.2138,4520709.4871
747,New York,New York,Marymount Manhattan College,221 East 71 Street,10021,40.76864173,-73.95980706,587787.7212,4513595.0171
748,New York,New York,Masaryk Towers,77 Columbia Street,10002,40.71801674,-73.98007056,586142.8424,4507955.2011
749,New York,New York,"Marseilles, LLC",230 West 103 Street,10025,40.79918772,-73.96902306,586970.0594,4516976.6853
750,New York,New York,Morningside Heights Housing,80 La Salle Street,10027,40.81277772,-73.95800256,587881.7986,4518496.2801
751,New York,New York,Julia Richman Education Campus,302 East 68 Street,10065,40.76613962,-73.96014178,587762.7643,4513316.9291
752,New York,New York,Marble Hill Community Center,5365 Broadway,10463,40.87649771,-73.90801207,592009.8777,4525621.1243
753,New York,New York,Max Meltzer Community Center,94 East 1 Street,10009,40.72306574,-73.98705006,585546.8826,4508508.8512
754,New York,New York,MS 114,331 East 91 Street,10128,40.78040473,-73.94757607,588804.3149,4514913.114
755,New York,New York,Mott Street Senior Center,180 Mott Street,10012,40.72058174,-73.99577105,584813.5081,4508224.6512
756,New York,New York,Master Apartments,310 Riverside Drive,10025,40.80049273,-73.97122356,586782.7292,4517119.3707
757,New York,New York,Nathan Strauss Houses Community Center,225 East 27 Street,10016,40.74093074,-73.97984556,586132.2924,4510499.0337
758,New York,New York,National Council of Jewish Women New York Section,241 West 72 Street,10023,40.77938773,-73.98307655,585810.0185,4514764.8819
759,New York,New York,MS 297,75 Morton Street,10014,40.73114774,-74.00776805,583787.0167,4509386.0303
760,New York,New York,Northern Manhattan Rehabilitation & Nursing Center,116 East 125 Street,10035,40.80456072,-73.93826557,589557.4874,4517604.0986
761,New York,New York,MS 54 Booker T Washington Middle School,103 West 107 Street,10025,40.80046572,-73.96328106,587452.7671,4517124.2655
762,New York,New York,Lower East Side Girls Club,402 East 8 Street,10009,40.64013076,-73.97119207,586993.9315,4499318.1348
763,New York,New York,Martin Luther King Jr. Comm. Ctr.,2 West 115th Street,10026,40.79993999,-73.94706268,588821.5972,4517082.2087
764,New York,New York,Norman Thomas High School,111 East 33 Street,10016,40.74622274,-73.98099756,586028.2071,4511085.3538
765,New York,New York,NYU Brittany Hall,55 East 10 Street,10003,40.73199374,-73.99179305,585134.9352,4509495.31
766,New York,New York,NYU The Palladium,133 East 13 Street,10003,40.73309174,-73.98857556,585405.2271,4509620.3205
767,New York,New York,NYU Alumni Hall,33 3 Avenue,10003,40.73015774,-73.98912906,585362.2384,4509294.088
768,New York,New York,NYU Wash Square Village 2,2 Washington Square Village,10012,40.72825874,-73.99618955,584768.4208,4509076.4456
769,New York,New York,NYU Wash Square Village 3,3 Washington Square Village,10012,40.72794374,-73.99838105,584583.7521,4509039.365
770,New York,New York,NYU Wash Square Village 4,4 Washington Square Village,10012,40.72727774,-73.99701755,584699.7418,4508966.7489
771,New York,New York,One Lincoln Plaza,20 West 64 Street,10023,40.77186373,-73.98159606,585944.6446,4513931.1091
772,New York,New York,Park West High School,525 West 50 Street,10019,40.76555473,-73.99358405,584940.9779,4513219.0869
773,New York,New York,Oberia Dempsey Center,127 West 127 Street,10027,40.80953772,-73.94538457,588950.342,4518149.3399
774,New York,New York,Penn South (Bldg 2B),339 West 24 Street,10011,40.74651974,-73.99970405,584448.5311,4511100.1562
775,New York,New York,Phelps House,595 Columbus Avenue,10024,40.78799173,-73.97076006,586838.117,4515732.1167
776,New York,New York,PS 102,315 East 113 Street,10029,40.79492173,-73.93855357,589546.1481,4516533.7943
777,New York,New York,PS 111,440 West 53 Street,10019,40.76600473,-73.98935405,585297.4176,4513273.1441
778,New York,New York,PS 116,210 East 33 Street,10016,40.74457574,-73.97776206,586303.4944,4510905.7013
779,New York,New York,Penn South (Bldg 8A),343 8 Avenue,10001,40.74779357,-73.99674692,584696.5697,4511244.4097
780,New York,New York,Pace University-Student Center,1 Pace Plaza,10038,40.71167174,-74.00542355,584009.4816,4507226.3056
781,New York,New York,PS 130,143 Baxter Street,10013,40.71873674,-73.99844405,584590.0887,4508017.2658
782,New York,New York,PS 132,185 Wadsworth Avenue,10033,40.85068571,-73.93410757,589845.9383,4522728.6431
783,New York,New York,PS 131,100 Hester Street,10002,40.71645074,-73.99353455,585007.653,4507768.2453
784,New York,New York,PS 146,421 East 106 Street,10029,40.78931473,-73.93893157,589521.79,4515910.9849
785,New York,New York,Peter Cooper Village,360 1 Avenue,10010,40.73549474,-73.97883756,586224.4192,4509896.5889
786,New York,New York,PS 149,41 West 117 Street,10026,40.80243672,-73.94829156,588714.6072,4517358.1228
787,New York,New York,PS 153,1750 Amsterdam Avenue,10031,40.82628672,-73.94706306,588786.4316,4520006.9229
788,New York,New York,PS 154,250 West 127 Street,10027,40.81080672,-73.94898456,588645.0102,4518286.5629
789,New York,New York,PS 133,2121 5 Avenue,10037,40.80985272,-73.93949857,589446.3752,4518190.297
790,New York,New York,NYPL - Morningside Heights Library,2900 Broadway,10025,40.80616272,-73.96491456,587307.5039,4517755.052
791,New York,New York,PS 152,93 Nagle Avenue,10040,40.86019871,-73.92784357,590361.0224,4523791.1212
792,New York,New York,PS 165,234 West 109 Street,10025,40.80297672,-73.96599906,587220.1983,4517400.2998
793,New York,New York,Polo Ground Senior Center,2965 8 Avenue,10039,40.83077731,-73.93733888,589600.3687,4520515.3171
794,New York,New York,PS 173,306 Ft Washington Avenue,10033,40.84559172,-73.94013306,589344.8725,4522156.9981
795,New York,New York,PS 169,110 East 88 Street,10128,40.78101673,-73.95540156,588143.1736,4514973.1572
796,New York,New York,PS 175 Henry H. Garnet,175 West 134 Street,10030,40.81420872,-73.94288257,589155.1205,4518670.403
797,New York,New York,PS 163,163 West 97 Street,10025,40.79456173,-73.96875756,586998.4961,4516463.4248
798,New York,New York,PS 187,349 Cabrini Boulevard,10040,40.85613971,-73.93729356,589570.034,4523330.8252
799,New York,New York,PS 188 Or 196,442 East Houston Street,10002,40.71962774,-73.97750556,586357.4026,4508136.552
800,New York,New York,PS 189,2580 Amsterdam Avenue,10040,40.85309771,-73.92756007,590394.5692,4523003.1351
801,New York,New York,PS 183,408 East 67 Street,10065,40.76405173,-73.95748056,587990.1252,4513087.8224
802,New York,New York,PS 194,244 West 144 Street,10030,40.82132772,-73.94073607,589326.6038,4519462.8599
803,New York,New York,PS 198,1700 3 Avenue,10128,40.78504873,-73.94969107,588619.6732,4515426.4961
804,New York,New York,PS 199,270 West 70 Street,10023,40.77792073,-73.98456605,585686.2148,4514600.5773
805,New York,New York,PS 158,1458 York Avenue,10075,40.77042373,-73.95090607,588536.5733,4513801.7779
806,New York,New York,PS 184M,327 Cherry Street,10002,40.71150074,-73.98584856,585663.1793,4507226.2306
807,New York,New York,PS 2 (Meyer London),122 Henry Street,10002,40.71316574,-73.99135206,585196.181,4507405.7035
808,New York,New York,PS 20,166 Essex Street,10002,40.72131974,-73.98656856,585589.7842,4508315.5026
809,New York,New York,PS 192,500 West 138 Street,10031,40.82141772,-73.95252156,588332.6096,4519460.9048
810,New York,New York,PS 206,508 East 120 Street,10035,40.79704572,-73.93021057,590247.1186,4516778.1298
811,New York,New York,PS 217,645 Main Street,10044,40.76388973,-73.94811607,588780.7309,4513079.2727
812,New York,New York,PS 28,475 West 155 Street,10032,40.83154272,-73.94240556,589172.1287,4520595.1154
813,New York,New York,PS 276,55 Battery Place,10280,40.70637075,-74.01765455,582982.9242,4506626.2345
814,New York,New York,PS 3,490 Hudson Street,10014,40.73258774,-74.00629655,583909.4672,4509547.2854
815,New York,New York,PS 33,281 9 Avenue,10001,40.74898574,-74.00001005,584419.5782,4511373.6054
816,New York,New York,PS 34,730 East 12 Street,10009,40.72637774,-73.97518356,586544.7716,4508888.1339
817,New York,New York,PS 290 (Manh New School),311 East 82 Street,10028,40.77507673,-73.95284556,588366.7241,4514316.3418
818,New York,New York,PS 36,123 Morningside Drive,10027,40.81050972,-73.95739956,587935.6508,4518245.1175
819,New York,New York,PS 38 or 121,232 East 103 Street,10029,40.78890073,-73.94460157,589043.9603,4515859.2548
820,New York,New York,PS 452,210 West 61 Street,10023,40.77178273,-73.98728855,585464.3424,4513916.5561
821,New York,New York,PS 234 (Independence),292 Greenwich Street,10007,40.71595574,-74.01128705,583508.8453,4507696.2655
822,New York,New York,PS 47(The ASL and English Lower School),225 East 23 Street,10010,40.73824874,-73.98133056,586010.3658,4510199.8567
823,New York,New York,PS 57,176 East 115 Street,10029,40.79748672,-73.94144257,589298.9836,4516815.5843
824,New York,New York,PS 59,233 East 56 Street,10022,40.75911973,-73.96666956,587220.9956,4512531.1584
825,New York,New York,PS 41,116 West 11 Street,10011,40.73555774,-73.99901555,584520.5335,4509883.9601
826,New York,New York,PS 48,4360 Broadway,10033,40.85339471,-73.93359007,589885.8985,4523029.8986
827,New York,New York,PS 63,121 East 3 Street,10009,40.72414574,-73.98619956,585617.3271,4508629.5674
828,New York,New York,PS 6,45 East 81 Street,10028,40.77743473,-73.96036956,587728.6801,4514570.5461
829,New York,New York,PS 72,131 East 104 Street,10029,40.79121373,-73.94758057,588789.5365,4516112.9962
830,New York,New York,PS 46,2987 8 Avenue,10039,40.83149074,-73.93588494,589722.0007,4520596.0025
831,New York,New York,PS 751,113 East 4 Street,10003,40.72565774,-73.98790056,585471.7377,4508795.7525
832,New York,New York,PS 87,160 West 78 Street,10024,40.78192573,-73.97785656,586247.216,4515051.7397
833,New York,New York,PS 7,160 East 120 Street,10035,40.80087072,-73.93926457,589478.1762,4517193.4573
834,New York,New York,PS 53 Or 811,466 West End Avenue,10024,40.78643473,-73.97941356,586110.0117,4515550.7445
835,New York,New York,PS/JHS 117,240 East 109 Street,10029,40.79259973,-73.94153707,589297.5602,4516272.9904
836,New York,New York,PS 98,512 West 212 Street,10034,40.86792971,-73.91766907,591207.9326,4524659.8863
837,New York,New York,PS/MS 278 The Paula Hedbavny School,3761 10 Avenue,10034,40.86094571,-73.92124207,590916.3827,4523880.8785
838,New York,New York,PS 185/PS 208,20 West 111 Street,10026,40.79768647,-73.94944781,588623.3912,4516829.6351
839,New York,New York,PS 75,735 West End Avenue,10025,40.79503873,-73.97363556,586586.3482,4516511.5473
840,New York,New York,Red Oak Apartments,135 West 106 Street,10025,40.80017772,-73.96457706,587343.8184,4517091.0032
841,New York,New York,Renwick Gardens,332 East 29 Street,10016,40.74095774,-73.97691606,586379.6009,4510504.9095
842,New York,New York,River Place 1,650 West 42 Street,10036,40.76164873,-74.00076605,584339.7497,4512778.5636
843,New York,New York,PS 89,201 Warren Street,10282,40.71682874,-74.01365405,583307.832,4507790.9262
844,New York,New York,"River View Towers, Inc.",626 Riverside Drive,10031,40.82364972,-73.95442956,588168.7515,4519706.755
845,New York,New York,Riverbend Housing,2301 5 Avenue,10037,40.81565772,-73.93490407,589826.0674,4518839.4009
846,New York,New York,Rafael Hernandez Houses,189 Allen Street,10002,40.72208474,-73.98943506,585346.7118,4508397.6328
847,New York,New York,SCAN Harbor James Weldon Johnson Cornerstone,1833 Lexington Avenue,10029,40.79679373,-73.94244157,589215.6353,4516737.6386
848,New York,New York,PS 340 (The Sixth Avenue Elementary School),64 West 17 Street,10011,40.73873026,-73.99431355,584913.5298,4510240.6701
849,New York,New York,Riverton Apartments,2200 Madison Avenue,10037,40.81365972,-73.93532257,589793.4663,4518617.1766
850,New York,New York,Salvation Army Harlem Temple Corps Community Center,540 Lenox Avenue,10037,40.81553172,-73.93948507,589439.8865,4518820.729
851,New York,New York,Seward Park III,415 Grand Street,10002,40.71538874,-73.98645156,585607.264,4507657.2362
852,New York,New York,Seward Park IV,385 Grand Street,10002,40.71596474,-73.98800856,585475.0164,4507719.6595
853,New York,New York,School Of Co-op Education,321 East 96 Street,10128,40.78351873,-73.94492107,589024.1912,4515261.4846
854,New York,New York,Sirovich Senior Center,331 East 12 Street,10003,40.73048174,-73.98438156,585762.7277,4509334.6808
855,New York,New York,Southbridge Tower II,66 Frankfort Street,10038,40.70933174,-74.00338055,584184.9988,4506968.5067
856,New York,New York,St Margaret's House,49 Fulton Street,10038,40.70803574,-74.00423555,584114.4062,4506823.8233
857,New York,New York,St Nicholas Senior Center,210 West 131 Street,10027,40.81266072,-73.94645556,588855.8415,4518494.9335
858,New York,New York,Stanley Isaacs Center,415 East 93 Street,10128,40.78120573,-73.94527657,588997.2824,4515004.3622
859,New York,New York,Stavros Niarchos Foundation Library,455 5th Avenue,10016,40.75194674,-73.98177606,585955.1105,4511719.9966
860,New York,New York,Stuyvesant Town II,10 Stuyvesant Oval,10009,40.73069774,-73.97644806,586432.3939,4509366.4381
861,New York,New York,Stuyvesant Town IX,451 East 14 Street,10009,40.73165174,-73.98032706,586103.6022,4509468.5273
862,New York,New York,Stuyvesant Town V,545 East 14 Street,10009,40.72987874,-73.97819856,586285.6311,4509273.8016
863,New York,New York,Stuyvesant Town VIII,449 East 14 Street,10009,40.73176874,-73.98061056,586079.5116,4509481.2371
864,New York,New York,Stuyvesant Town IV,283 Avenue C,10009,40.73064374,-73.97555706,586507.7042,4509361.3212
865,New York,New York,Seward Park II,210 East Broadway,10002,40.71491174,-73.98758556,585512.0919,4507603.1813
866,New York,New York,Seward Park I,266 East Broadway,10002,40.71465074,-73.98541656,585695.6308,4507576.3227
867,New York,New York,Taino Towers IV,240 East 123 Street,10035,40.80159072,-73.93515157,589824.1627,4517277.5892
868,New York,New York,The Alianza Dominicana Triangle Building,530 West 166 Street,10032,40.83929172,-73.93957056,589400.7569,4521458.2139
869,New York,New York,The Metropolitan Museum of Art,1000 5 Avenue,10028,40.77837073,-73.96315506,587492.3952,4514671.6673
870,New York,New York,The Mirabal Sisters School,21 Jumel Place,10032,40.83943572,-73.93591657,589708.6226,4521477.9346
871,New York,New York,The Clinton School for Writers and Artists,10 East 15 Street,10003,40.73625974,-73.99236005,585081.6207,4509968.3158
872,New York,New York,SUNY Global,116 East 55 Street,10022,40.75988473,-73.97096256,586857.632,4512611.8208
873,New York,New York,Robert Wagner Middle School,225 East 75 Street,10021,40.77149398,-73.9585524,587889.8524,4513912.8952
874,New York,New York,The Riverside Church of NY,91 Claremont Avenue,10027,40.81195872,-73.96251156,587502.5807,4518400.8531
875,New York,New York,The Shed (The Bloomberg Building),545 West 30 Street,10001,40.75319774,-74.00296205,584165.0537,4511838.3324
876,New York,New York,Theater For New City,238 East 10 Street,10003,40.72889774,-73.98500256,585712.3199,4509158.2395
877,New York,New York,The New School,63 Fifth Avenue,10003,40.73547674,-73.99377305,584963.3063,4509880.0289
878,New York,New York,Tweed Court,52 Chambers Street,10007,40.71344474,-74.00527055,584020.1764,4507423.2664
879,New York,New York,The River School/PS 281,425 East 35 Street,10016,40.74433274,-73.97249256,586748.7001,4510883.9211
880,New York,New York,UTACPT,125 West 109 Street,10025,40.80186072,-73.96282656,587489.2753,4517279.5756
881,New York,New York,Village View Housing,175 East 4 Street,10009,40.72460474,-73.98511956,585707.9476,4508681.573
882,New York,New York,Unity Center,213 West 58 Street,10019,40.76663473,-73.98031356,586059.6249,4513351.9074
883,New York,New York,Vanderbilt YMCA,224 East 47 Street,10017,40.75333273,-73.97094906,586867.3005,4511884.5134
884,New York,New York,Samuels Community Center,669 Malcolm X Boulevard,10037,40.81960735,-73.93716584,589629.9981,4519275.5293
885,New York,New York,West Side High School,140 West 102 Street,10025,40.79741473,-73.96676406,587162.944,4516782.111
886,New York,New York,Washington Heights Academy (M366),202 Sherman Avenue,10034,40.86547271,-73.92132757,590902.9861,4524383.3306
887,New York,New York,Waterside Plaza,25 Waterside Plaza,10010,40.73721374,-73.97409456,586622.6827,4510092.0793
888,New York,New York,William Black Medical Research Building,650 West 168 Street,10032,40.84182072,-73.94196006,589195.9133,4521736.5204
889,New York,New York,Westbeth Housing,155 Bank Street,10014,40.73654774,-74.00932955,583648.3931,4509983.9782
890,New York,New York,Wyatt T. Walker Senior Housing,2177 Frederick Douglass Boulevard,10026,40.80565872,-73.95480306,588161.0705,4517709.2233
891,New York,New York,Village East Towers,170 Avenue C,10009,40.72621574,-73.97699706,586391.8304,4508868.3649
892,New York,New York,YM & YWHA (Nagle Ave),54 Nagle Avenue,10040,40.86005471,-73.92941857,590228.4751,4523773.5118
893,New York,New York,Yeshiva University-Cardozo School of Law,55 5 Avenue,10003,40.73483774,-73.99426805,584922.3217,4509808.6166
894,New York,New York,Yorkville Community School,421 East 88 Street,10128,40.77787573,-73.94738707,588823.6322,4514632.5662
895,New York,New York,Towers On The Park,300 West 110 Street,10026,40.79310619,-73.94054323,589380.728,4516330.2247
896,New York,New York,Wadleigh High School,258 West 115 Street,10026,40.80321981,-73.95473863,588169.7334,4517438.5484
897,New York,New York,UASBYW,81 New Street,10004,40.70507644,-74.01267249,583405.4008,4506487.2765
898,Long Island City,Queens,Academy of American Studies,40-11 28 Street,11101,40.75228873,-73.93652407,589774.7383,4511803.2672
899,Woodside,Queens,Academy of the City Charter School,31-29 60 Street,11377,40.75692373,-73.90247708,592642.4773,4512353.1748
900,Jamaica,Queens,August Martin HS,156-10 Baisley Boulevard,11434,40.67516774,-73.78329012,602829.0607,4503410.2906
901,Astoria,Queens,Astoria Houses Community Center,4-05 Astoria Boulevard,11102,40.7731081,-73.93382605,589974.4168,4514117.1422
902,Bayside,Queens,Bayside HS,32-24 Corporal Kennedy Street,11361,40.77149472,-73.78068912,602900.4036,4514106.3962
903,Fresh Meadows,Queens,Aguilar Gardens Community Room,71-50 Parsons Boulevard,11365,40.72897873,-73.81121711,600387.9515,4509351.4086
904,Far Rockaway,Queens,Beach 41st Street Community Center,426 Beach 40 Street,11691,40.59622876,-73.77218863,603889.6241,4494660.6072
905,Breezy Point,Queens,Blessed Trinity RC Church,204-25 Rockaway Point Boulevard,11697,40.56061577,-73.91436159,591908.3413,4490549.3438
906,New York,New York,William O'Shea Campus,147 West 76th Street,10024,40.78060893,-73.97819943,586219.9871,4514905.228
907,Corona,Queens,Corona Arts and Sciences Academy,98-11 44 Avenue,11368,40.74591673,-73.86498759,595822.8477,4511171.5663
908,Woodside,Queens,"Big Six Towers, Inc.",59-15 47 Avenue,11377,40.74040873,-73.90565858,592396.7793,4510516.5295
909,Queens Village,Queens,Creedmoor Hospital,79-25 Winchester Boulevard,11427,40.74142573,-73.73203064,607055.1341,4510826.6891
910,Far Rockaway,Queens,Dayton Beach Park 8200,8200 Shore Front Parkway,11693,40.58628376,-73.80813462,600862.977,4493514.8604
911,South Richmond Hill,Queens,Boys & Girls Club of Metro Queens,110-04 Atlantic Avenue,11419,40.69175706,-73.83563828,598380.4131,4505191.8928
912,Cambria Heights,Queens,Campus Magnet HS (Jackson),207-01 116 Avenue,11411,40.69784869,-73.74581261,605960.5774,4505972.5668
913,Far Rockaway,Queens,Evelyn & Louis A. Green Residence,19-15 Seagirt Blvd,11691,40.59488776,-73.75389614,605439.5638,4494533.4965
914,Oakland Gardens,Queens,Benjamin N. Cardozo HS,57-00 223 Street,11364,40.75240173,-73.75613374,605002.7833,4512016.0006
915,Arverne,Queens,Dayton Towers East 7400,7400 Shore Front Parkway,11692,40.58694976,-73.80240162,601347.1441,4493595.3728
916,Far Rockaway,Queens,Beach Channel Senior Residences,34-01 Beach Channel Drive,11691,40.59675303,-73.76704038,604324.4319,4494724.8927
917,Flushing,Queens,Bland Community Center,133-36 Roosevelt Avenue,11354,40.75823773,-73.8327046,598530.1862,4512575.0442
918,East Elmhurst,Queens,First Baptist Church of East Elmhurst,100-10 Astoria Boulevard,11369,40.76161273,-73.86873609,595483.9155,4512909.8614
919,Elmhurst,Queens,Elmhurst Educational Campus,45-10 94 Street,11373,40.74352273,-73.87082409,595333.5135,4510899.458
920,Forest Hills,Queens,American Legion Post 1424,107-15 Metropolitan Avenue,11375,40.70966417,-73.84555978,597515.9769,4507168.6475
921,Forest Hills,Queens,Fairview Owners Corp.,61-20 Grand Central Parkway,11375,40.73833873,-73.8470416,597349.0091,4510350.0964
922,Forest Hills,Queens,Forest Hills HS,67-01 110 Street,11375,40.7294715,-73.84561438,597482.4608,4509367.3482
923,Rockaway Park,Queens,Dayton Tower West 10200,102-00 Shore Front Parkway,11694,40.58211708,-73.82209449,599687.7678,4493036.44
924,Woodhaven,Queens,Forest Park Coop,83-55 Woodhaven Boulevard,11421,40.70014274,-73.8536026,596850.3765,4506102.8024
925,Astoria,Queens,Frank Sinatra HS,35-12 35 Avenue,11106,40.75628473,-73.92489607,590750.914,4512258.8138
926,Far Rockaway,Queens,Dayton Beach Park 8600,86-00 Shore Front Parkway,11693,40.58477035,-73.81193382,600543.7247,4493342.519
927,Ridgewood,Queens,Grover Cleveland High School,21-27 Himrod Street,11385,40.69472474,-73.92526508,590803.4059,4505424.8346
928,Corona,Queens,Florence E Smith Community Center,102-19 34 Avenue,11368,40.75590673,-73.86574809,595744.3091,4512279.7054
929,Kew Gardens,Queens,Helen Marshall Cultural Center at Queens Borough Hall,120-55 Queens Boulevard,11424,40.71390374,-73.82923511,598888.6829,4507657.5237
930,Fresh Meadows,Queens,Francis Lewis HS,58-20 Utopia Parkway,11365,40.74097573,-73.79310012,601899.5841,4510704.0451
931,Maspeth,Queens,Holy Cross RC Church,61-21 56 Road,11378,40.72445174,-73.90343108,592606.9778,4508747.5321
932,Ozone Park,Queens,High School for Construction Trades,94-06 104 Street,11416,40.68960712,-73.84079773,597947.6152,4504947.4702
933,Corona,Queens,High School for Arts and Business,105-25 Horace Harding Expressway North,11368,40.73754673,-73.8529996,596847.0895,4510255.588
934,Cambria Heights,Queens,Holy Trinity Parish Church,222-05 116 Avenue,11411,40.69621274,-73.73716958,606693.4164,4505801.4249
935,Long Island City,Queens,Hunter's Point Community Middle School,1-50 51 Avenue,11101,40.74278474,-73.95885756,587901.9101,4510725.647
936,Jamaica,Queens,Immaculate Conception Church,86-45 Edgerton Boulevard,11432,40.71425474,-73.78565262,602569.4216,4507746.4738
937,Hollis,Queens,Hilltop Village Coop,87-15 204 Street,11423,40.72268773,-73.76249113,604512.6026,4508709.9123
938,Jamaica,Queens,Hillcrest HS,160-05 Highland Avenue,11432,40.70948081,-73.80172153,601219.3667,4507197.8885
939,Jackson Heights,Queens,IS 145-Joseph Pulitzer,33-34 80 Street,11372,40.75407073,-73.88718159,593937.6183,4512052.7301
940,Ridgewood,Queens,IS 119-The Glendale,74-01 78 Avenue,11385,40.70445343,-73.87519787,595019.7938,4506557.7356
941,Long Island City,Queens,Information Technology High School,21-16 44 Road,11101,40.74862573,-73.94644207,588942.3644,4511386.5484
942,Flushing,Queens,IS 237,46-21 Colden Street,11355,40.74930073,-73.82154911,599485.1522,4511595.55
943,Fresh Meadows,Queens,Hillcrest Jewish Center,183-02 Union Turnpike,11366,40.72767187,-73.78546072,602565.0308,4509236.1059
944,Ridgewood,Queens,Greater Ridgewood Youth Council,59-03 Summerfield St.,11385,40.69933086,-73.89804655,593096.7047,4505964.6309
945,Woodside,Queens,IS 125-Thom J. McCann Woodside,46-02 47 Avenue,11377,40.74108861,-73.91902065,591267.6513,4510578.0221
946,Jackson Heights,Queens,IS 230,73-10 34 Avenue,11372,40.75276573,-73.89289209,593457.3899,4511901.7678
947,Jamaica,Queens,International Tower Senior Center,90-20 170 Street,11432,40.70823374,-73.79058012,602162.4163,4507072.3537
948,Flushing,Queens,IS 25-Adrien Block,34-65 192 Street,11358,40.76516773,-73.78988712,602133.8346,4513393.2954
949,Corona,Queens,IS 61-Leonardo Da Vinci,98-50 50 Avenue,11368,40.74262273,-73.8627556,596016.0245,4510808.3458
950,Saint Albans,Queens,IS 192-The Linden,109-89 204 Street,11412,40.70564174,-73.75304113,605337.5784,4506828.962
951,East Elmhurst,Queens,IS 227,32-02 Junction Boulevard,11369,40.75850611,-73.87457356,594995.6196,4512558.6659
952,Springfield Gardens,Queens,IS 59-Springfield Gardens,132-55 Ridgedale Street,11413,40.68201674,-73.75313113,605367.193,4504206.3008
953,Elmhurst,Queens,IS 5-Walter Crowley Intermediate School,50-40 Jacobus Street,11373,40.73709673,-73.88773959,593914.3918,4510167.8884
954,Far Rockaway,Queens,JASA Brookdale Village Senior Ctr.,131 Beach 19 Street,11691,40.59336676,-73.75381514,605448.8077,4494364.7539
955,Rego Park,Queens,JHS 157-Stephen A Halsey,63-55 102 Street,11374,40.73214673,-73.8535981,596804.3818,4509655.4864
956,Maspeth,Queens,IS 73-Frank Sansivieri,70-02 54 Avenue,11378,40.72916907,-73.89359843,593430.7776,4509281.6075
957,Ridgewood,Queens,IS 93-Ridgewood,66-56 Forest Avenue,11385,40.70585774,-73.90282809,592683.6884,4506684.1033
958,Long Island City,Queens,IS 78 - Middle School,46-08 5 Street,11101,40.74709734,-73.95520507,588204.5905,4511208.0414
959,Flushing,Queens,JHS 189-Daniel Carter Beard,144-80 Barclay Avenue,11355,40.76040673,-73.81801211,599767.1471,4512832.4234
960,Queens Village,Queens,JHS 109-Jean Nuzzi Intermediate School,213-10 92 Avenue,11428,40.72061773,-73.74667363,605851.7654,4508499.0725
961,Forest Hills,Queens,JHS 190-Russell Sage,68-17 Austin Street,11375,40.72311074,-73.8517801,596971.0176,4508654.4282
962,Ozone Park,Queens,JHS 202-Robert H. Goddard,138-30 Lafayette Street,11417,40.67082975,-73.84548911,597578.5873,4502857.8359
963,Flushing,Queens,JHS 185-Edward Bleeker,147-26 25 Drive,11354,40.77512172,-73.81849811,599704.1261,4514465.361
964,South Ozone Park,Queens,JHS 226-Virgil I. Grissom,121-10 Rockaway Boulevard,11420,40.67548274,-73.81704461,599975.7993,4503406.3151
965,Jamaica,Queens,JHS 72-Catherine & Count Basie,133-25 Guy R Brewer Boulevard,11434,40.67446574,-73.77597313,603448.5492,4503340.9498
966,Ozone Park,Queens,JHS 210-Elizabeth Blackwell,93-11 101 Avenue,11416,40.68399674,-73.8475006,597389.4073,4504317.2296
967,Jamaica,Queens,JHS 8-Richard S. Grossley,108-35 167 Street,11433,40.69709174,-73.78693062,602487.7843,4505839.7594
968,Jamaica,Queens,JHS 217-Robert A. Van Wyck,85-05 144 Street,11435,40.71012217,-73.81246959,600310.4889,4507256.7536
969,Flushing,Queens,Latimer Gardens Community Center,34-30 137 Street,11354,40.76590573,-73.8302071,598729.6532,4513429.0635
970,Queens Village,Queens,Martin Van Buren HS,230-17 Hillside Avenue,11427,40.73368573,-73.73872214,606502.4998,4509959.3439
971,Corona,Queens,Lefrak City Apartments,96-10 57 Avenue,11368,40.73692573,-73.8640921,595911.3669,4510174.4737
972,Astoria,Queens,Long Island City HS,14-30 Broadway,11106,40.76559073,-73.93262257,590086.1326,4513283.8899
973,Elmhurst,Queens,Maspeth High School,54-40 74 Street,11373,40.72929374,-73.88752359,593943.6061,4509301.9283
974,Flushing,Queens,Mary's Nativity RC Church,46-02 Parsons Boulevard,11355,40.75407269,-73.81336919,600168.5548,4512134.5823
975,East Elmhurst,Queens,Lexington School,26-26 75 Street,11370,40.76942063,-73.89451506,593297.0898,4513748.8665
976,Forest Hills,Queens,Meadowbrook Apartments,77-15 113 Street,11375,40.71651374,-73.83201611,598649.9277,4507944.1255
977,Far Rockaway,Queens,MS 53 / IS 53 -Brian Piccolo,10-45 Nameoke Street,11691,40.60417576,-73.74947714,605798.8418,4495569.8207
978,Arverne,Queens,MS 333-Goldie Maple Academy,365 Beach 57 Street,11692,40.5940149,-73.78720379,602622.4927,4494397.246
979,Ozone Park,Queens,MS 137-America's School of Heroes,109-15 98 Street,11417,40.67829074,-73.83964811,598061.3418,4503692.5569
980,Jamaica,Queens,Merrick Park Baptist Church,120-02 Marsden Street,11434,40.68244299,-73.7761208,603423.7368,4504226.3068
981,Long Island City,Queens,New York Irish Center,10-40 Jackson Avenue,11101,40.74214574,-73.95306157,588392.1107,4510660.5337
982,Little Neck,Queens,MS 67-Louis Pasteur,51-60 Marathon Parkway,11362,40.76261172,-73.73389814,606863.5258,4513176.2442
983,Far Rockaway,Queens,Ocean Point,711 Seagirt Avenue,11691,40.59577876,-73.74248414,606403.8055,4494646.1334
984,Fresh Meadows,Queens,MS 200-Pomonok School & Star Academy,70-10 164 Street,11365,40.73081473,-73.80540312,600876.1579,4509561.883
985,Floral Park,Queens,North Shore Towers,272-40 Grand Central Parkway,11005,40.75694172,-73.71515114,608455.0953,4512569.8263
986,Middle Village,Queens,Our Lady of Hope Catholic Academy,61-21 71 Street,11379,40.72079774,-73.88670459,594024.7258,4508359.6867
987,Forest Hills,Queens,PS 101-School in the Gardens,2 Russell Place,11375,40.71564074,-73.8436261,597670.5832,4507834.2392
988,South Ozone Park,Queens,PS 100-Glen Morris,111-11 118 Street,11420,40.67991074,-73.82187311,599561.128,4503892.3723
989,Elmhurst,Queens,Newtown HS,48-01 90 Street,11373,40.74125531,-73.87469649,595009.797,4510643.558
990,Rosedale,Queens,PS / IS 270-Gordon Parks School,233-15 Merrick Boulevard,11422,40.67500574,-73.73662514,606773.261,4503447.9497
991,Glendale,Queens,P.S./I.S. 113 Anthony J. Pranzo,78-23 87 Street,11385,40.7055678,-73.86215315,596120.1909,4506695.6307
992,Elmhurst,Queens,PS 102-Bayview,55-24 Van Horn Street,11373,40.73331673,-73.87783059,594756.4437,4509758.9279
993,Flushing,Queens,PS 107-Thomas A Dooley,167-02 45 Avenue,11358,40.75595973,-73.79978434,601312.4698,4512359.6545
994,Far Rockaway,Queens,PS 105-The Bay School,420 Beach 51 Street,11691,40.59569776,-73.78160263,603093.8683,4494590.5963
995,Far Rockaway,Queens,PS 104-Bays Water,26-01 Mott Avenue,11691,40.60843252,-73.76459791,604512.9056,4496024.2811
996,South Ozone Park,Queens,PS 108-Captain Vincent G. Fowler,108-10 109 Avenue,11420,40.67947874,-73.83121961,598771.8954,4503833.8712
997,Jamaica,Queens,PS 117-J.Keld / Briarwood School,85-15 143 Street,11435,40.71001574,-73.81321961,600247.2929,4507244.0829
998,Long Island City,Queens,PS 112-Dutch Kills,25-05 37 Avenue,11101,40.75695381,-73.934522,589937.4613,4512323.1766
999,Glen Oaks,Queens,PS 115-Glen Oaks,80-51 261 Street,11004,40.74385573,-73.70958465,608946.3396,4511124.0595
1000,Rockaway Park,Queens,PS 114-Belle Harbor,134-09 Cronston Avenue,11694,40.57821505,-73.85438412,596960.6289,4492567.244
1001,South Ozone Park,Queens,PS 121-Queens,126-10 109 Avenue,11420,40.68394274,-73.81551461,600092.4511,4504347.1749
1002,Saint Albans,Queens,PS 118-Lorraine Hansberry,190-20 109 Road,11412,40.70346374,-73.76562763,604277.6992,4506572.1695
1003,Woodside,Queens,PS 11-Kathryn Phelan,54-25 Skillman Avenue,11377,40.74543073,-73.90884458,592120.846,4511070.6606
1004,South Ozone Park,Queens,PS 124-Osmond A Church,129-15 150 Avenue,11420,40.66523175,-73.81141512,600466.9651,4502274.8036
1005,Astoria,Queens,PS 122-Mamie Fay,21-21 Ditmars Boulevard,11105,40.78025173,-73.91612108,591458.7667,4514928.4534
1006,Middle Village,Queens,"PS 128-Lorraine Tuzzo,Juniper Valley Elementary",69-10 65 Drive,11379,40.71521774,-73.88619159,594075.9086,4507740.816
1007,Queens Village,Queens,PS 135-Bellaire School,207-11 89 Avenue,11427,40.72055473,-73.75716763,604965.5554,4508479.482
1008,Jamaica,Queens,PS 142-Queens Transition Center /Queens Academy,142-10 Linden Boulevard,11436,40.68403274,-73.80115062,601306.1409,4504373.6253
1009,Corona,Queens,PS 143-Louis Armstrong,34-74 113 Street,11368,40.75579873,-73.8556141,596599.9119,4512278.823
1010,Forest Hills,Queens,PS 144-Col. Jeromus Remsen,69-20 Juno Street,11375,40.71520874,-73.8524731,596923.9525,4507776.4826
1011,Rosedale,Queens,PS 138-Sunrise,251-11 Weller Avenue,11422,40.65955274,-73.73472614,606958.4475,4501734.8645
1012,Woodside,Queens,PS 152-Gwendoline N.Alleyne School,33-52 62 Street,11377,40.75325173,-73.90029908,592831.4348,4511947.8559
1013,Jackson Heights,Queens,PS 149-Christa McAuliffe,93-11 34 Avenue,11372,40.75508773,-73.87422609,595029.8181,4512179.5742
1014,South Richmond Hill,Queens,PS 161-Arthur Ashe School,101-33 124 Street,11419,40.69034174,-73.82123411,599599.5979,4505051.01
1015,Springfield Gardens,Queens,PS 15-Jackie Robinson,121-15 Lucas Street,11413,40.68612974,-73.75723963,605013.5375,4504657.9561
1016,Flushing,Queens,PS 165-Edith K. Bergtraum,70-35 150 Street,11367,40.72954573,-73.81809761,599806.0613,4509406.5056
1017,Corona,Queens,PS 16-Nancy DeBenedittis School,41-15 104 Street,11368,40.74887773,-73.8609691,596157.8484,4511504.6556
1018,Astoria,Queens,PS 171-Peter G. Van Alst,14-14 29 Avenue,11102,40.77113473,-73.92890557,590392.3373,4513903.1409
1019,Fresh Meadows,Queens,PS 173-Fresh Meadows,174-10 67 Avenue,11365,40.73430673,-73.79525562,601727.7494,4509961.232
1020,Fresh Meadows,Queens,PS 168 JHS,158-40 76 Road,11366,40.72452373,-73.80854411,600620.3911,4508859.9286
1021,Bayside,Queens,PS 169-Bay Terrace,18-25 212 Street,11360,40.78232172,-73.77885762,603038.2388,4515310.4397
1022,Jamaica,Queens,PS 123,145-01 119 Avenue,11436,40.67832018,-73.79570392,601775.1023,4503745.7841
1023,Flushing,Queens,PS 120-Queens,58-01 136 Street,11355,40.74557324,-73.82922436,598842.7114,4511173.0961
1024,Jamaica,Queens,PS 140-Edward K. Ellington,166-01 116 Avenue,11434,40.68681731,-73.78133005,602976.7858,4504705.7704
1025,Rego Park,Queens,PS 174-William Sidney Mount,65-10 Dieterle Crescent,11374,40.72081574,-73.8613696,596164.4397,4508389.1204
1026,Cambria Heights,Queens,PS 176,120-45 235 Street,11411,40.68532874,-73.72987964,607326.8052,4504602.096
1027,Bayside,Queens,PS 130,200-01 42 Avenue,11361,40.75958908,-73.78414467,602627.0909,4512780.7183
1028,Rego Park,Queens,PS 175-Lynn Gross Discovery School,64-35 102 Street,11374,40.73074273,-73.8528871,596866.4576,4509500.4159
1029,College Point,Queens,PS 129-Patricia Larkin,128-02 7 Avenue,11356,40.79059497,-73.83984395,597880.0427,4516158.981
1030,Woodside,Queens,PS 12-James B. Colgate,42-00 72 Street,11377,40.74267758,-73.8928887,593471.8021,4510781.9083
1031,Elmhurst,Queens,PS 13-Clement C. Moore,55-01 94 Street,11373,40.73768687,-73.86846749,595540.83,4510254.194
1032,Hollis,Queens,PS 178-Holliswood,189-10 Radnor Road,11423,40.72453273,-73.77717012,603270.0217,4508897.354
1033,Springfield Gardens,Queens,PS 181-Brookfield,148-15 230 Street,11413,40.65583575,-73.75320314,605402.3293,4501299.938
1034,Astoria,Queens,PS 17-Henry David Thoreau,28-37 29 Street,11102,40.76821873,-73.92299707,590894.9529,4513585.5466
1035,Saint Albans,Queens,PS 134-Hollis,203-06 109 Avenue,11412,40.70794545,-73.75528172,605144.6754,4507082.0081
1036,Fresh Meadows,Queens,PS 177,56-37 188 Street,11365,40.74294673,-73.78747062,602371.8756,4510929.3928
1037,Woodside,Queens,PS 151-Mary D. Carter,50-05 31 Avenue,11377,40.75750781,-73.90882724,592105.641,4512411.3276
1038,Rego Park,Queens,PS 139-Rego Park,93-06 63 Drive,11374,40.72807474,-73.86354664,595970.1421,4509192.5421
1039,Bellerose,Queens,PS 186-Castlewood,252-12 72 Avenue,11426,40.74975973,-73.72186064,607900.3394,4511764.2895
1040,Corona,Queens,PS 14-Fairview,107-01 Otis Avenue,11368,40.74053788,-73.85421409,596740.2081,4510586.2898
1041,Jamaica,Queens,PS 182 Samantha Smith,153-27 88 Avenue,11432,40.70661374,-73.80319812,601098.9725,4506877.9218
1042,Sunnyside,Queens,PS 150-Queens,40-01 43 Avenue,11104,40.74559572,-73.92381989,590856.3076,4511073.3652
1043,Flushing,Queens,PS 164,138-01 77 Avenue,11367,40.72096733,-73.82338812,599372.0537,4508448.2363
1044,Whitestone,Queens,PS 184-Flushing Manor,163-15 21 Road,11357,40.77816372,-73.79984111,601273.9589,4514824.4241
1045,Oakland Gardens,Queens,PS 188-Kingsburry,218-12 Hartland Avenue,11364,40.73616973,-73.75332913,605265.1376,4510217.4702
1046,Little Neck,Queens,PS 187/811Q,61-25 Marathon Parkway,11362,40.75614973,-73.72878614,607305.4,4512465.1437
1047,Cambria Heights,Queens,PS 147-Ronald McNair,218-01 116 Avenue,11411,40.69734988,-73.74091061,606375.529,4505923.1192
1048,Rosedale,Queens,PS 195-William Haberle,253-50 149 Avenue,11422,40.65284775,-73.73502764,606943.6679,4500990.196
1049,Astoria,Queens,PS 166-Henry Gradstein,33-09 35 Avenue,11106,40.75737551,-73.92674789,590593.116,4512377.9851
1050,Whitestone,Queens,PS 193-Alfred J. Kennedy,152-20 11 Avenue,11357,40.79232972,-73.80951611,600436.1817,4516385.8497
1051,Maspeth,Queens,PS 153 - Maspeth Elementary School,60-02 60 Lane,11378,40.71660335,-73.90374575,592591.2793,4507875.9735
1052,South Ozone Park,Queens,PS 155,130-02 115 Avenue,11420,40.6794871,-73.81064391,600510.7423,4503858.1265
1053,Queens Village,Queens,PS 18-Winchester,86-35 235 Court,11427,40.73180473,-73.73240414,607039.0205,4509758.2212
1054,Bellerose,Queens,PS 133-Queens,248-05 86 Avenue,11426,40.73176479,-73.71791662,608262.4788,4509771.5525
1055,Springfield Gardens,Queens,PS 156 Queens United MS,229-02 137 Avenue,11413,40.67305121,-73.74325074,606216.3913,4503222.955
1056,Far Rockaway,Queens,PS 197 - The Ocean School,825 Hicksville Road,11691,40.59999076,-73.74399614,606269.1947,4495111.8636
1057,Floral Park,Queens,PS 191-Mayflower,85-15 258 Street,11001,40.73422573,-73.70891865,609018.293,4510055.873
1058,Fresh Meadows,Queens,PS 154-Queens,75-02 162 Street,11366,40.72679718,-73.80696615,600750.2267,4509114.1086
1059,Fresh Meadows,Queens,PS 163-Flushing Heights,159-01 59 Avenue,11365,40.74061678,-73.80918564,600541.9805,4510645.6497
1060,Howard Beach,Queens,PS 146-Howard Beach,98-01 159 Avenue,11414,40.65990825,-73.83515652,598467.9736,4501656.9995
1061,Oakland Gardens,Queens,PS 162-John Golden,201-02 53 Avenue,11364,40.74898159,-73.77724766,603225.67,4511611.2868
1062,Forest Hills,Queens,PS 196-Grand Central Parkway,71-25 113 Street,11375,40.72303874,-73.8378481,598147.7513,4508661.9147
1063,Flushing,Queens,PS 201-Discovery School for Inquiry & Research,65-11 155 Street,11367,40.73672773,-73.81319261,600209.4965,4510209.3518
1064,Oakland Gardens,Queens,PS 205-Alexander Graham Bell,75-25 Bell Boulevard,11364,40.73775373,-73.75661413,604985.265,4510389.3734
1065,Sunnyside,Queens,PS 199-Maurice A. Fitzgerald,39-20 48 Avenue,11104,40.73993174,-73.92613808,590668.284,4510442.224
1066,East Elmhurst,Queens,PS 2,75-10 21st Avenue,11370,40.77018973,-73.89403058,593336.901,4513834.7585
1067,Rego Park,Queens,PS 206-Horace Harding School,61-02 98 Street,11374,40.73470432,-73.86084261,596188.9456,4509931.4351
1068,Whitestone,Queens,PS 209-Clearview Gardens,16-10 Utopia Parkway,11357,40.78371672,-73.79502611,601671.8067,4515446.4272
1069,Howard Beach,Queens,PS 207-Rockwood Park,159-15 88 Street,11414,40.65798675,-73.84420211,597706.1086,4501433.6096
1070,Jackson Heights,Queens,PS 212,34-25 82 Street,11372,40.75313473,-73.88477859,594141.7896,4511951.4018
1071,Flushing,Queens,PS 20-John Bowne,142-30 Barclay Avenue,11355,40.75868773,-73.82438411,599231.8561,4512634.3743
1072,Oakland Gardens,Queens,PS 213-Carl Ullman School,231-02 67 Avenue,11364,40.74766839,-73.74578758,605883.6997,4511502.9902
1073,Flushing,Queens,PS 219-Paul Klapper,144-39 Gravett Road,11367,40.73585473,-73.82358311,599333.4425,4510100.6327
1074,Flushing,Queens,PS 214-Cadwallader Colden,31-15 140 Street,11354,40.77016273,-73.82843861,598872.6057,4513903.6182
1075,Forest Hills,Queens,PS 220-Edward Mandel,62-10 108 Street,11375,40.73650273,-73.8518431,596946.2563,4510140.9725
1076,Jackson Heights,Queens,PS 222-Christopher A.Santora School,86-15 37 Avenue,11372,40.75031773,-73.87998159,594550.7284,4511643.8498
1077,Jamaica,Queens,PS 223-Lyndon B. Johnson,125-20 Sutphin Boulevard,11434,40.67461874,-73.78991412,602270.0662,4503341.6192
1078,Howard Beach,Queens,PS 232-Lindenwood,153-23 83 Street,11414,40.66585275,-73.8510286,597117.6034,4502299.2221
1079,Woodside,Queens,PS 229-Emanuel Kaplan,67-25 51 Road,11377,40.73439674,-73.89696909,593138.8448,4509858.3353
1080,Astoria,Queens,PS 234,30-15 29 Street,11102,40.76703073,-73.92333907,590867.7073,4513453.3149
1081,Flushing,Queens,PS 22-Thomas Jefferson,153-33 Sanford Avenue,11355,40.76161273,-73.81100111,600357.1176,4512974.295
1082,Ridgewood,Queens,PS 239,17-15 Weirfield Street,11385,40.68655275,-73.91577908,591616.0771,4504527.5363
1083,Flushing,Queens,PS 244-Active Learning Elementary School,137-20 Franklin Avenue,11355,40.75466473,-73.82629211,599076.7748,4512185.6321
1084,Springfield Gardens,Queens,PS 251,144-51 Arthur Street,11413,40.66519574,-73.75962463,604844.7941,4502331.2845
1085,Queens Village,Queens,PS 295,222-14 Jamaica Avenue,11428,40.72087873,-73.73145914,607136.3439,4508546.4973
1086,Fresh Meadows,Queens,PS 26-Rufus King,195-02 69 Avenue,11365,40.73676897,-73.7782093,603163.3571,4510254.4532
1087,Ridgewood,Queens,PS 290 - Academy for Scholars,55-20 Metropolitan Avenue,11385,40.71284174,-73.90850258,592194.692,4507453.4037
1088,Richmond Hill,Queens,PS 254-Rosa Parks School,84-40 101 Street,11418,40.69710974,-73.8478156,597343.7013,4505772.514
1089,College Point,Queens,PS 29-Queens,125-10 23 Avenue,11356,40.77841572,-73.8429241,597638.0091,4514803.5459
1090,Woodhaven,Queens,PS 306-NYC Academy for Discovery,95-16 89 Avenue,11421,40.69170974,-73.8486031,597285.0225,4505172.2042
1091,Forest Hills,Queens,PS 303-Academy for Excellence,68-60 110 Street,11375,40.72605374,-73.8437026,597648.9012,4508990.0751
1092,Far Rockaway,Queens,PS 215 - Lucretia Mott,5-35 Briar Place,11691,40.59882334,-73.75850911,605043.0648,4494964.8543
1093,Flushing,Queens,PS 32-State Street,171-11 35 Avenue,11358,40.76495173,-73.79440062,601753.2152,4513364.073
1094,Richmond Hill,Queens,PS 273,88-07 102 Street,11418,40.69365248,-73.84459584,597620.7797,4505392.3059
1095,Queens Village,Queens,PS 33-Edward M. Funk,91-37 222 Street,11428,40.72701673,-73.73475764,606847.9397,4509223.8466
1096,Ridgewood,Queens,PS 305-Learners & Leaders,378 Seneca Avenue,11385,40.70695574,-73.91496008,591657.3128,4506793.2587
1097,Ozone Park,Queens,PS 316 - Queens Explorers Elementary,90-07 101 Avenue,11416,40.67917275,-73.8644791,595961.5673,4503763.0562
1098,Bayside,Queens,PS 31-Bayside,211-45 46 Road,11361,40.75751773,-73.76892612,603914.9032,4512568.692
1099,Oakland Gardens,Queens,PS 376,210-21 48 Avenue,11364,40.75499773,-73.77069912,603769.1598,4512286.8521
1100,Ozone Park,Queens,PS 377,150-15 Raleigh Street,11417,40.66803075,-73.83672761,598323.231,4502556.8913
1101,Woodside,Queens,PS 361 - The Woodside Community School,39-07 57 Street,11377,40.74790344,-73.90627186,592334.6319,4511347.8529
1102,Hollis,Queens,PS 35-Nathaniel Woodhull,191-02 90 Avenue,11423,40.71368836,-73.76947038,603937.1613,4507702.627
1103,Jamaica,Queens,PS 40-Samuel Huntington,109-20 Union Hall Street,11433,40.69405874,-73.79079612,602165.8289,4505498.572
1104,Queens Village,Queens,PS 34-John Harvard,104-12 Springfield Boulevard,11429,40.71063673,-73.73748914,606643.4043,4507402.2133
1105,Bayside,Queens,PS 41-Crocheron,214-43 35 Avenue,11361,40.76971272,-73.77112212,603710.5736,4513919.8449
1106,Woodside,Queens,PS 398,69-01 34 Avenue,11377,40.75253715,-73.89712652,593100.2493,4511871.8927
1107,Jamaica,Queens,PS 37-Cynthia Jenkins School,179-37 137 Avenue,11434,40.67613974,-73.75837813,604932.9992,4503547.6334
1108,Jamaica,Queens,PS 354 - The STEM Institute of Queens,126-10 Bedell Street,11434,40.67986574,-73.77423163,603587.3753,4503942.4393
1109,Far Rockaway,Queens,PS 43,160 Beach 29 Street,11691,40.59370876,-73.76151914,604796.3663,4494393.5188
1110,Saint Albans,Queens,PS 36-Saint Albans School,187-01 Foch Boulevard,11412,40.69080076,-73.76400427,604434.6172,4505168.4121
1111,Jamaica,Queens,PS 48  William Wordsworth,108-29 155 Street,11433,40.69357274,-73.79610612,601717.9155,4505438.4614
1112,Far Rockaway,Queens,PS 47- The Chris Galas School,9 Power Road,11693,40.60636276,-73.82055012,599782.4175,4495729.5887
1113,Jamaica,Queens,PS 52-Queens,178-37 146 Terrace,11434,40.66125375,-73.76692363,604233.957,4501885.0159
1114,Oakland Gardens,Queens,PS 46-Alley Pond,64-45 218 Street,11364,40.74529573,-73.75816663,604842.3318,4511224.743
1115,Jamaica,Queens,PS 50-Talfourd Lawn Elementary School,143-26 101 Avenue,11435,40.69513874,-73.80693312,600800.7536,4505599.8204
1116,Middle Village,Queens,PS 49-Dorothy Bonawit Kole,63-60 80 Street,11379,40.71951974,-73.87503609,595012.0393,4508230.3787
1117,South Richmond Hill,Queens,PS 55-Maure,131-10 97 Avenue,11419,40.69393274,-73.81631561,600009.8243,4505455.2234
1118,Richmond Hill,Queens,PS 54-Hillside,86-02 127 Street,11418,40.70309926,-73.82432412,599319.5522,4506463.6877
1119,South Richmond Hill,Queens,PS 62-Chester Park,97-25 108 Street,11419,40.68863174,-73.83603011,598351.9013,4504844.5217
1120,Ozone Park,Queens,PS 64-Joseph P. Addabbo,82-01 101 Avenue,11416,40.67915475,-73.8646186,595949.8039,4503760.9058
1121,Ridgewood,Queens,PS 71,62-85 Forest Avenue,11385,40.71131174,-73.90511408,592483.0283,4507287.1254
1122,Richmond Hill,Queens,PS 56-Harry Eichler,86-10 114 Street,11418,40.69910774,-73.83547211,598383.6384,4506008.0561
1123,Ozone Park,Queens,PS 63-Old South,90-15 Sutter Avenue,11417,40.67662575,-73.84680311,597459.0854,4503499.7723
1124,Whitestone,Queens,PS 79-Francis Lewis,147-27 15 Drive,11357,40.78595772,-73.81735061,599784.7432,4515669.5568
1125,Woodhaven,Queens,PS 60-Woodhaven,91-02 88 Avenue,11421,40.69210272,-73.85273344,596935.4611,4505211.2627
1126,Astoria,Queens,PS 70-Queens,30-44 43 Street,11103,40.76177473,-73.91356508,591699.8496,4512880.0266
1127,Jackson Heights,Queens,PS 69-Jackson Heights,77-02 37 Avenue,11372,40.74919658,-73.88892199,593797.5509,4511509.7994
1128,Astoria,Queens,PS 76-William Hallet,36-36 10 Street,11106,40.76064073,-73.94142457,589349.8651,4512725.4011
1129,Ridgewood,Queens,PS 68,59-09 St Felix Avenue,11385,40.6965785,-73.89748264,593148.181,4505659.6984
1130,Ridgewood,Queens,PS 81-Jean Paul Richter,559 Cypress Avenue,11385,40.70377874,-73.91208908,591904.2088,4506443.5899
1131,Elmhurst,Queens,PS 7-Louis F. Simeone,80-55 Cornish Avenue,11373,40.73924773,-73.88251959,594352.1144,4510412.2633
1132,Jamaica,Queens,PS 82-Hammond,88-02 144 Street,11435,40.70407879,-73.81185194,600371.737,4506586.5996
1133,Jamaica,Queens,PS 80-Thurgood Marshall Magnet,171-05 137 Avenue,11434,40.67291306,-73.76931685,604013.5305,4503176.4468
1134,Astoria,Queens,PS 84-Steinway,22-45 41 Street,11105,40.77120673,-73.90618058,592310.0911,4513934.7977
1135,Maspeth,Queens,PS 58-School of Heroes,72-50 Grand Avenue,11378,40.72906847,-73.890298,593709.6315,4509273.9577
1136,Astoria,Queens,PS 85-Judge Charles Vallone,23-70 31 Street,11105,40.77300673,-73.91484308,591576.557,4514125.533
1137,Richmond Hill,Queens,PS 90-Horace Mann,86-50 109 Street,11418,40.69671374,-73.83926561,598066.654,4505738.0638
1138,Ridgewood,Queens,PS 88-Seneca,60-85 Catalpa Avenue,11385,40.70395874,-73.89641559,593228.0431,4506480.087
1139,Elmhurst,Queens,PS 89-Elmhurst,85-28 Britton Avenue,11373,40.74605173,-73.87979709,594572.3482,4511170.4894
1140,Middle Village,Queens,PS 87-Middle Village,67-54 80 Street,11379,40.71159074,-73.8714676,595324.743,4507354.0694
1141,Woodhaven,Queens,PS 97-Forest Park,85-52 85 Street,11421,40.69427474,-73.8597811,596336.8456,4505444.6205
1142,Corona,Queens,PS 92-Harry T.Stewart Sr.,99-01 34 Avenue,11368,40.75548595,-73.86911361,595460.8157,4512229.3285
1143,Jamaica,Queens,PS 95-Eastwood,179-01 90 Avenue,11432,40.71064544,-73.78351034,602755.9221,4507348.3186
1144,Little Neck,Queens,PS 94-David D. Porter,41-77 Little Neck Parkway,11363,40.77121572,-73.73882563,606433.8869,4514125.3754
1145,Little Neck,Queens,PS 98-Douglaston School,40-20 235 Street,11363,40.76916372,-73.74959863,605527.95,4513884.5697
1146,Long Island City,Queens,PS 78 - Early Childhood Center,48-09 Center Boulevard,11109,40.74475379,-73.95788486,587981.4402,4510945.2013
1147,Arverne,Queens,PS/MS 42 - Robert Vernam School,488 Beach 66 Street,11692,40.59434776,-73.79505763,601957.4078,4494425.0695
1148,Kew Gardens,Queens,PS 99-Kew Gardens,82-37 Kew Gardens Road,11415,40.71131174,-73.82820911,598979.1846,4507370.9482
1149,Jamaica,Queens,PS/IS 268,92-07 175 Street,11433,40.70775789,-73.78566627,602578.2399,4507025.2579
1150,Sunnyside,Queens,Queen of Angels RC Parish Center,43-18 Skillman Avenue,11104,40.74667273,-73.92001808,591175.8098,4511196.8647
1151,Flushing,Queens,Queens Botanical Gardens,43-50 Main Street,11355,40.75115473,-73.82747111,598982.4553,4511794.6629
1152,Jamaica,Queens,PS/IS 314,88-08 164 Street,11432,40.70882595,-73.79812648,601524.0444,4507129.3439
1153,Jamaica,Queens,Queens Public Library at Briarwood,85-12 Main Street,11435,40.71009674,-73.81950161,599716.5205,4507245.9235
1154,Flushing,Queens,Queens Public Library at Kew Gardens Hills,72-33 Vleigh Place,11367,40.72590973,-73.82087411,599577.0145,4508999.7289
1155,Jamaica,Queens,Queens Public Library - Central,89-11 Merrick Boulevard,11432,40.70764874,-73.79502612,601787.7353,4507002.2525
1156,Forest Hills,Queens,Queens Public Library at Forest Hills,108-19 71 Avenue,11375,40.72203974,-73.8430051,597713.6771,4508545.2668
1157,South Richmond Hill,Queens,Queens Public Library at Lefferts,103-34 Lefferts Boulevard,11419,40.68694874,-73.82469011,599312.6155,4504670.4515
1158,Glendale,Queens,PS 91-Richard Arkwright,68-10 Central Avenue,11385,40.70361245,-73.88511055,594183.5702,4506453.7059
1159,Forest Hills,Queens,Queens Public Library at North Forest Park,98-27 Metropolitan Avenue,11375,40.71103274,-73.8536161,596833.4596,4507311.6554
1160,Richmond Hill,Queens,Queens Public Library at Richmond Hill,118-14 Hillside Avenue,11418,40.70087174,-73.83169661,598700.0092,4506208.1078
1161,East Elmhurst,Queens,Queens Public Library at East Elmhurst,95-06 Astoria Boulevard,11369,40.76264264,-73.87405453,595033.5391,4513018.4156
1162,Far Rockaway,Queens,Queens Public Library at Peninsula,92-25 Rockaway Beach Boulevard,11693,40.58594176,-73.81613112,600186.7596,4493467.7675
1163,Astoria,Queens,Ravenswood Community Center,35-40 21 Street,11106,40.76048773,-73.93669957,589748.8948,4512713.2391
1164,Astoria,Queens,Queensview,21-15 34 Avenue,11106,40.76284573,-73.93303657,590054.8961,4512978.7485
1165,Far Rockaway,Queens,Redfern Community Center,15-44 Hassock Street,11691,40.60908975,-73.75290614,605500.9999,4496111.1879
1166,Richmond Hill,Queens,Richmond Hill HS,89-30 114 Street,11418,40.69512074,-73.83345161,598560.2178,4505567.7355
1167,Jackson Heights,Queens,Renaissance Charter School,35-59 81 Street,11372,40.74994873,-73.88516559,594113.613,4511597.3158
1168,Long Island City,Queens,Queensbridge North Community Center,10-25 41 Avenue,11101,40.75544773,-73.94463757,589085.5978,4512145.6718
1169,Woodside,Queens,Saint Sebastian RC Parish Center,39-60 57 Street,11377,40.74671773,-73.90724708,592253.9387,4511215.2052
1170,Arverne,Queens,Rockaway YMCA,207 Beach 73 Street,11692,40.58956876,-73.80133962,601433.0605,4493887.3185
1171,Ridgewood,Queens,Ridgewood YMCA,69-02 64 Street,11385,40.70427589,-73.89395759,593435.2494,4506517.9039
1172,Saint Albans,Queens,Queens Public Library at St. Albans,191-05 Linden Boulevard,11412,40.69230478,-73.76018577,604754.91,4505339.9144
1173,Springfield Gardens,Queens,Springfield Garden-Excelsior Preparatory HS,143-10 Springfield Boulevard,11413,40.66767974,-73.75744213,605025.3804,4502609.6311
1174,Jamaica,Queens,St Nicholas of Tolentine RC,150-75 Goethals Avenue,11432,40.71841274,-73.80960611,600539.8975,4508180.344
1175,Flushing,Queens,St Andrew Avellino Catholic Academy,35-50 158 Street,11358,40.76476273,-73.80738311,600657.7472,4513328.1163
1176,Corona,Queens,St. Leo Catholic Academy,104-19 49 Avenue,11368,40.74466573,-73.8583501,596385.0325,4511039.9632
1177,Middle Village,Queens,St. Margaret's RC Church,66-11 79 Place,11379,40.71533474,-73.87284459,595203.0948,4507768.1867
1178,Woodside,Queens,Samaritan/Woodside Sr. Center,50-37 Newtown Road,11377,40.75383673,-73.91076158,591947.4194,4512001.7805
1179,Kew Gardens,Queens,The Center at Maple Grove,127-15 Kew Gardens Road,11415,40.70711774,-73.82411861,599330.9421,4506910.001
1180,Astoria,Queens,The Young Women's Leadership School of Astoria,23-15 Newtown Avenue,11102,40.77110773,-73.92414007,590794.5535,4513905.0649
1181,Jamaica,Queens,The Robert Ross Johnson Family Life Center,172-17 Linden Boulevard,11434,40.69232174,-73.77757963,603285.201,4505321.2047
1182,Astoria,Queens,St Joseph Catholic Academy,28-46 44 Street,11103,40.76282773,-73.91158508,591865.5232,4512998.9891
1183,Jamaica,Queens,Thomas A. Edison HS,165-65 84 Avenue,11432,40.71594674,-73.79912562,601428.8362,4507918.6509
1184,Jamaica,Queens,Young Womens Leadership School-Queens,150-91 87 Road,11432,40.70834174,-73.80412962,601017.6714,4507068.671
1185,Flushing,Queens,Taiwan Center,137-44 Northern Boulevard,11354,40.76330473,-73.8295636,598787.8171,4513141.0551
1186,Rockaway Park,Queens,Waterside Children's Studio School,140 Beach 112 Street,11694,40.58000176,-73.83311411,598758.2532,4492789.2133
1187,Staten Island,Richmond,Cassidy / Lafayette Senior Center,125 Cassidy Place,10301,40.64214676,-74.09636403,576407.1988,4499425.6558
1188,Staten Island,Richmond,Berry Community Center,211 Jefferson Street,10306,40.58697677,-74.10118803,576061.8425,4493297.3782
1189,Staten Island,Richmond,All Saints Episcopal Church,2329 Victory Boulevard,10314,40.61153777,-74.14152601,572621.6197,4495989.6784
1190,Staten Island,Richmond,Central Family Life,59 Wright Street,10304,40.62735076,-74.07847653,577936.9054,4497798.9235
1191,Staten Island,Richmond,Brighton Heights Reformed Church,320 Saint Marks Place,10301,40.64187676,-74.07818403,577944.7477,4499411.6358
1192,Staten Island,Richmond,Castleton Hill Moravian Church,1657 Victory Boulevard,10314,40.61352677,-74.11926002,574502.999,4496229.0756
1193,Staten Island,Richmond,Holy Rosary Par. Ctr,44 Bionia Avenue,10305,40.59654377,-74.07558304,578217.5409,4494381.7838
1194,Staten Island,Richmond,Holy Family,366 Watchogue Road,10314,40.61640677,-74.14154851,572614.4445,4496530.1381
1195,Staten Island,Richmond,IS 2 George L. Egbert,333 Midland Avenue,10306,40.57702277,-74.10057603,576124.918,4492192.9779
1196,Staten Island,Richmond,Gerard Carter Community Center,230 Broad Street,10304,40.62350776,-74.08169403,577669.2372,4497369.4884
1197,Staten Island,Richmond,IS 61 William A. Morris,445 Castleton Avenue,10301,40.63458676,-74.09828553,576253.3261,4498584.7936
1198,Staten Island,Richmond,IS 7 Elias Bernstein,1270 Huguenot Avenue,10312,40.52331079,-74.18592301,568956.3674,4486160.5435
1199,Staten Island,Richmond,IS 72 Rocco Laurie,33 Ferndale Avenue,10314,40.59275477,-74.15863501,571194.2147,4493890.7209
1200,Staten Island,Richmond,IS 24 Myra S. Barnes,225 Cleveland Avenue,10308,40.54548678,-74.14634102,572285.3594,4488653.8409
1201,Staten Island,Richmond,IS 27 Anning S. Prall,11 Clove Lakes Place,10310,40.62829576,-74.11706402,574672.3147,4497870.3576
1202,Staten Island,Richmond,IS 75 Frank D. Paulo,455 Huguenot Ave,10312,40.54439778,-74.1975015,567954.2932,4488492.256
1203,Staten Island,Richmond,New Dorp High School,465 New Dorp Lane,10306,40.56957977,-74.10737553,575557.7914,4491360.9254
1204,Staten Island,Richmond,On Your Mark Inc.,475 Victory Boulevard,10301,40.63080676,-74.08866903,577070.9005,4498173.5764
1205,Staten Island,Richmond,Our Lady Help Of Christians,23 Summit Street,10307,40.50938779,-74.24295149,564138.9926,4484572.0306
1206,Staten Island,Richmond,New Lane Shores,70 New Lane,10305,40.61281577,-74.06198854,579348.5781,4496200.2098
1207,Staten Island,Richmond,Jerome Parker Campus CSI HS School,100 Essex Drive,10314,40.58147778,-74.15875201,571196.2729,4492638.8415
1208,Staten Island,Richmond,PS 13 M.L. Lindemeyer,191 Vermont Avenue,10305,40.61295977,-74.06933254,578727.1546,4496209.5991
1209,Staten Island,Richmond,PS 16 John J. Driscoll,80 Monroe Avenue,10301,40.63971676,-74.07930003,577852.8921,4499170.8772
1210,Staten Island,Richmond,PS 14 Cornelius Vanderbilt,100 Tompkins Avenue,10304,40.62233776,-74.07870153,577923.7024,4497242.2589
1211,Staten Island,Richmond,PS 19 The Curtis School,780 Post Avenue,10310,40.63104976,-74.12695502,573832.7625,4498167.716
1212,Staten Island,Richmond,Port Richmond High School,85 St Josephs Avenue,10302,40.63449676,-74.14206151,572551.4713,4498537.7801
1213,Staten Island,Richmond,Our Lady of Pity,1616 Richmond Avenue,10314,40.60895477,-74.16148351,570936.0511,4495686.68
1214,Staten Island,Richmond,PS 22 Graniteville,1860 Forest Avenue,10303,40.62516377,-74.15118751,571789.7184,4497494.2917
1215,Staten Island,Richmond,PS 29 Bardwell,1581 Victory Boulevard,10314,40.61376077,-74.11590302,574786.7147,4496257.8977
1216,Staten Island,Richmond,PS 18 John G. Whittier,221 Broadway,10310,40.63683676,-74.11734752,574638.8261,4498818.2057
1217,Staten Island,Richmond,PS 30 Westerleigh,200 Wardwell Avenue,10314,40.61801777,-74.13284552,573348.8577,4496716.1829
1218,Staten Island,Richmond,PS 3 The Margaret Gioiosa School,80 South Goff Avenue,10309,40.52028679,-74.2114155,566800.0067,4485805.2495
1219,Staten Island,Richmond,PS 23 Richmondtown,30 Natick Street,10306,40.57103778,-74.13285902,573399.0765,4491501.2219
1220,Staten Island,Richmond,PS 31 William T. Davis,55 Layton Avenue,10301,40.64174176,-74.08551453,577325.0604,4499390.1801
1221,Staten Island,Richmond,PS 20 Port Richmond,161 Park Avenue,10302,40.63673776,-74.13257552,573351.2101,4498794.4072
1222,Staten Island,Richmond,PS 35 The Clove Valley School,60 Foote Avenue,10301,40.61367077,-74.09934753,576187.2818,4496262.1072
1223,Staten Island,Richmond,PS 37,15 Fairfield Street,10308,40.56399078,-74.15110651,571862.0387,4490703.9387
1224,Staten Island,Richmond,PS 36 J.C. Drumgoole,255 Ionia Avenue,10312,40.54322778,-74.18249851,569225.9409,4488374.0588
1225,Staten Island,Richmond,PS 36 Annex,200 Jefferson Boulevard,10312,40.54433478,-74.18177851,569285.7703,4488497.5043
1226,Staten Island,Richmond,PS 39 Francis J. Murphy Jr.,99 Macfarland Avenue,10305,40.59779477,-74.07007954,578681.7471,4494525.5538
1227,Staten Island,Richmond,PS 42 Eltingville,380 Genesee Avenue,10312,40.55235378,-74.16942601,570323.3836,4489397.4179
1228,Staten Island,Richmond,PS 44 Thomas C. Brown,80 Maple Parkway,10303,40.63161676,-74.15675851,571311.6717,4498206.0711
1229,Staten Island,Richmond,PS 4 Maurice Wollin,200 Nedra Lane,10312,40.55237178,-74.195517,568114.2593,4489378.9216
1230,Staten Island,Richmond,PS 52 John C. Thompson,450 Buel Avenue,10305,40.58246777,-74.08840353,577148.924,4492807.9843
1231,Staten Island,Richmond,PS 40,91 Henderson Avenue,10301,40.64086876,-74.09528403,576499.9788,4499284.7305
1232,Staten Island,Richmond,PS 54 Charles W. Leng,1060 Willowbrook Road,10314,40.60308677,-74.13770552,572954.0039,4495054.7444
1233,Elmhurst,Queens,Queens Public Library at Elmhurst,86-07 Broadway,11373,40.73842888,-73.87725983,594797.3819,4510327.0312
1234,Staten Island,Richmond,PS 56 The Louis Desario School,250 Kramer Avenue,10309,40.54202178,-74.21383649,566573.4106,4488216.0482
1235,Staten Island,Richmond,PS 55 Henry M. Boehm,54 Osborne Street,10312,40.53655878,-74.16361651,570831.9082,4487648.7852
1236,Staten Island,Richmond,PS 53 Bay Terrace,330 Durant Avenue,10308,40.55212878,-74.13738152,573036.8158,4489398.5081
1237,Staten Island,Richmond,PS 50 Frank Hankinson,200 Adelaide Avenue,10306,40.56140778,-74.12448002,574118.9481,4490439.2774
1238,Staten Island,Richmond,PS 6 Corporal Allan F. Kivlehan School,555 Page Avenue,10307,40.51049479,-74.23073399,565173.0267,4484703.8656
1239,Staten Island,Richmond,PS 65 The Academy of Innovative Learning,155 Saint Pauls Avenue,10301,40.63379476,-74.07850353,577927.1298,4498514.2128
1240,Staten Island,Richmond,PS 58 Space Shuttle Columbia School,77 Marsh Avenue,10314,40.58332277,-74.16088951,571013.4193,4492841.9167
1241,Staten Island,Richmond,PS 69 Daniel D. Tompkins,144 Keating Place,10314,40.59098177,-74.15746501,571295.1015,4493694.8585
1242,Staten Island,Richmond,PS 62,644 Bloomingdale Road,10309,40.54147279,-74.21812499,566210.7916,4488151.8777
1243,Staten Island,Richmond,PS 57 Hubert H. Humphrey,140 Palma Drive,10304,40.61139377,-74.08337253,577541.276,4496023.3023
1244,Staten Island,Richmond,Richmond Town Library,200 Clarke Avenue,10306,40.56657378,-74.13848852,572927.4084,4491001.0284
1245,Staten Island,Richmond,Richmond Terrace Community Center,71 Jersey Street,10301,40.64608876,-74.08795353,577113.8226,4499870.5765
1246,Staten Island,Richmond,PS/IS 48 William G. Wilcox School,1050 Targee Street,10304,40.60287977,-74.09152653,576861.2411,4495071.0621
1247,Staten Island,Richmond,PS 8 Shirlee Solomon,112 Lindenwood Road,10308,40.54764678,-74.15195252,571807.8814,4488889.0193
1248,Staten Island,Richmond,Saint Christopher School,15 Lisbon Place,10306,40.58176577,-74.10871653,575430.5907,4492712.4632
1249,Staten Island,Richmond,Saint Anthony's Church,4055 Victory Boulevard,10314,40.59275477,-74.1891225,568614.4118,4493866.5161
1250,Staten Island,Richmond,Saint Christophers Church,136 Midland Avenue,10306,40.57982177,-74.10602553,575660.5271,4492498.9807
1251,Staten Island,Richmond,Saint Paul's United Methodist Church,7558 Amboy Road,10307,40.50873079,-74.24747399,563756.4542,4484495.8236
1252,Staten Island,Richmond,South Beach Community Center,155 Norway Avenue,10305,40.59481577,-74.07899854,577930.5485,4494186.9403
1253,Staten Island,Richmond,Staten Island Tech HS,485 Clawson Street,10306,40.56781578,-74.11570503,574854.683,4491158.0046
1254,Staten Island,Richmond,Staten Island School of Civic Leadership,280 Regis Drive,10314,40.62050177,-74.16446701,570671.4845,4496966.0413
1255,Staten Island,Richmond,Susan E. Wagner High School,50 Brielle Avenue,10314,40.59772277,-74.12506052,574029.7581,4494469.8765
1256,Staten Island,Richmond,PS 11 Thomas Dongan School,51 Jefferson Street,10304,40.59055235,-74.09780952,576343.6855,4493697.2041
1257,Staten Island,Richmond,The Michael J. Petrides School - Building K Gymnasium,715 Ocean Terrace,10301,40.60928777,-74.10397803,575800.5304,4495771.5782
1258,Staten Island,Richmond,The Tides at Charleston,15 Tides Lane,10309,40.52949379,-74.23977899,564388.5366,4486806.1433
1259,Staten Island,Richmond,The Elks,3250 Richmond Avenue,10312,40.55968878,-74.17031251,570240.6578,4490210.9157
1260,Staten Island,Richmond,PS 32 The Gifford School,32 Elverton Avenue,10308,40.55886385,-74.15579944,571470.2133,4490131.0178
1261,Staten Island,Richmond,Summerfield UMC,104 Harbor Road,10303,40.63426276,-74.16044851,570996.8077,4498496.8039
1262,Staten Island,Richmond,Staten Island Academy,715 Todt Hill Road,10304,40.59513977,-74.11009803,575298.6679,4494195.843
1263,Staten Island,Richmond,Todt Hill Community Center,255 Westwood Avenue,10314,40.60692077,-74.11921052,574514.5244,4495495.8253
1264,Staten Island,Richmond,Walker Park Club,50 Delafield Place,10310,40.64394599,-74.10895005,575340.9473,4499614.5217
